id,title,final_decision,category,vote_count,conflict_flag,reconciliation_notes
9758,Cognitive-behavioral versus psychodynamic therapy,OUT_OF_SCOPE,non-pharma,2,N,Agreement
9759,A mind-body lifestyle intervention enhances emotional,OUT_OF_SCOPE,non-pharma,2,N,Agreement
9760,Is It Time for Going Beyond the P-Value Paradigm,OUT_OF_SCOPE,methodology,2,N,Agreement
9761,Reward related ventral striatal activity,OUT_OF_SCOPE,non-Canadian,1,N,Unmatched in Screener B (best ratio: 0.80)
9762,Patient Expectancy as a Mediator of Placebo Effects,OUT_OF_SCOPE,non-Canadian,2,N,Agreement
9763,Clinical validation of combinatorial pharmacogenomic,OUT_OF_SCOPE,non-Canadian,2,N,Agreement
9764,Brexanolone in Postpartum Depression,OUT_OF_SCOPE,non-Canadian,1,N,Unmatched in Screener B (best ratio: 0.75)
9765,Outcome of a three-phase treatment algorithm,OUT_OF_SCOPE,non-Canadian,1,N,Unmatched in Screener B (best ratio: 0.85)
9766,Psychometric Properties of the Chinese Version,OUT_OF_SCOPE,non-Canadian,2,N,Agreement
9767,A randomised clinical pilot trial to test,OUT_OF_SCOPE,non-pharma,1,N,Unmatched in Screener B (best ratio: 0.81)
9768,"A pilot, open-label investigation of glucosamine",OUT_OF_SCOPE,non-Canadian,1,N,Unmatched in Screener B (best ratio: 0.81)
9769,Effect of Nursing Outcome-Oriented Intervention,OUT_OF_SCOPE,non-MH,2,N,Agreement
9770,"Depression and physical health, therapeutic alliance",OUT_OF_SCOPE,non-Canadian,2,N,Agreement
9771,Comparative Study on Safety and Efficacy of Desvenlafaxine,OUT_OF_SCOPE,non-Canadian,2,N,Agreement
9772,"Double-blind, randomized crossover study of IV magnesium",OUT_OF_SCOPE,non-Canadian,1,N,Unmatched in Screener B (best ratio: 0.84)
9773,Telephone-based cognitive behavioral therapy for depression,OUT_OF_SCOPE,non-pharma,2,N,Agreement
9774,19. Impact of Investigational Purified Microbiome,OUT_OF_SCOPE,non-MH,2,N,Agreement
9775,Effect on return to work of Individual Placement,OUT_OF_SCOPE,non-pharma,2,N,Agreement
9776,Effect of Telehealth Treatment by Lay Counselors,OUT_OF_SCOPE,non-pharma,2,N,Agreement
9777,Do side effects of antidepressants impact efficacy,OUT_OF_SCOPE,secondary analysis,2,N,Agreement
9778,Anti-Inflammatory Effects of Chinese Herbal Formulae in Asthma,OUT_OF_SCOPE,non-MH,1,N,Unmatched in Screener B (best ratio: 0.65)
9779,Role of Lactium in Psychodermatology: CERTAIN Trial,OUT_OF_SCOPE,non-MH,2,N,Agreement
9780,IMPROVING KNOWLEDGE TRANSFER OF PREVENTATIVE CARE IN IBD,OUT_OF_SCOPE,non-MH,2,N,Agreement
9781,"Relationships between circadian measures, depression",OUT_OF_SCOPE,non-Canadian,2,N,Agreement
9782,Single i.v. ketamine augmentation of escitalopram,OUT_OF_SCOPE,non-Canadian,1,N,Unmatched in Screener B (best ratio: 0.81)
9783,High- versus low-intensity internet interventions for alcohol,OUT_OF_SCOPE,non-pharma,2,N,Agreement
9784,Determinants of antidepressant response,OUT_OF_SCOPE,secondary analysis,1,N,Unmatched in Screener B (best ratio: 0.79)
9785,Transcranial direct current stimulation for vascular depression,OUT_OF_SCOPE,non-pharma,1,N,Unmatched in Screener B (best ratio: 0.75)
9786,Feasibility of Exercise and CBT Intervention for Depression,OUT_OF_SCOPE,non-pharma,2,N,Agreement
9787,Effects of Developmental Bibliotherapy on Subjective Well-Being,OUT_OF_SCOPE,non-pharma,2,N,Agreement
9788,Patient with Treatment-resistant Depression Who Achieved Remission,OUT_OF_SCOPE,case report,2,N,Agreement
9789,"Short-term effects of estradiol, raloxifene, phytoestrogen",OUT_OF_SCOPE,non-Canadian,1,N,Unmatched in Screener B (best ratio: 0.85)
9790,Increased plasma nesfatin-1 levels in MDD,OUT_OF_SCOPE,non-RCT,1,N,Unmatched in Screener B (best ratio: 0.73)
9791,Chart review valsartan-amlodipine for blood pressure,OUT_OF_SCOPE,non-MH,1,N,Unmatched in Screener B (best ratio: 0.62)
9792,Efficacy of Low Dose Denosumab in Osteoporosis,OUT_OF_SCOPE,non-MH,1,N,Unmatched in Screener B (best ratio: 0.68)
9793,"Screening for Depression, Anxiety, Suicide Risk in Children",OUT_OF_SCOPE,review,2,N,Agreement
9794,Cognitive Considerations in Major Depression,OUT_OF_SCOPE,non-Canadian,1,N,Unmatched in Screener B (best ratio: 0.85)
9795,Effects of Tianeptine on Depression in Alzheimer's Disease,OUT_OF_SCOPE,observational,1,N,Unmatched in Screener B (best ratio: 0.64)
9796,Preliminary Evidence of Pramipexole in Anhedonic Depression,OUT_OF_SCOPE,non-RCT,1,N,Unmatched in Screener B (best ratio: 0.55)
9797,Microdosing and standard-dosing take-home buprenorphine,OUT_OF_SCOPE,non-Canadian,2,N,Agreement
9798,Effectiveness of Metacognitive Therapy vs Behavioral Activation,OUT_OF_SCOPE,non-pharma,1,N,Unmatched in Screener B (best ratio: 0.75)
9799,Efficacy and Safety of Electroacupuncture for Depression Sleep,OUT_OF_SCOPE,non-pharma,1,N,Unmatched in Screener B (best ratio: 0.85)
9800,Preliminary RCT of Different Treatment Regimens for Melancholic,OUT_OF_SCOPE,non-Canadian,1,N,Unmatched in Screener B (best ratio: 0.57)
9801,Web- and Mobile-Based Intervention for Depression + Back Pain,OUT_OF_SCOPE,non-pharma,1,N,Unmatched in Screener B (best ratio: 0.72)
9802,Impact of pharmacogenomics in MDD in GUIDED trial,OUT_OF_SCOPE,non-Canadian,1,N,Unmatched in Screener B (best ratio: 0.62)
9803,Effectiveness of electroacupuncture for postherpetic neuralgia,OUT_OF_SCOPE,non-MH,1,N,Unmatched in Screener B (best ratio: 0.68)
9804,Sham-controlled randomized trial of adjunctive light therapy,OUT_OF_SCOPE,non-pharma,2,N,Agreement
9805,Comparison of perpendicular vs transverse needling at SP6,OUT_OF_SCOPE,non-MH,1,N,Unmatched in Screener B (best ratio: 0.46)
9806,Effect of acupuncture on lung cancer-related fatigue,OUT_OF_SCOPE,non-MH,2,N,Agreement
9807,Long-term effect of acupuncture for chronic tension-type headache,OUT_OF_SCOPE,non-MH,1,N,Unmatched in Screener B (best ratio: 0.70)
9808,Verbal memory predicts treatment outcome in anxious depression,OUT_OF_SCOPE,non-Canadian,1,N,Unmatched in Screener B (best ratio: 0.83)
9809,Comparative Assessment of Anxiety During Rapid Maxillary Expansion,OUT_OF_SCOPE,non-MH,1,N,Unmatched in Screener B (best ratio: 0.63)
9810,Efficacy of Group ACT for Preventing Post-Stroke Depression,OUT_OF_SCOPE,non-pharma,1,N,Unmatched in Screener B (best ratio: 0.54)
9811,Effects of pestle needle therapy on post-hemorrhoidectomy pain,OUT_OF_SCOPE,non-MH,1,N,Unmatched in Screener B (best ratio: 0.67)
9812,Effectiveness of Emotional Memory Reactivation Before ECT,OUT_OF_SCOPE,non-pharma,1,N,Unmatched in Screener B (best ratio: 0.82)
9813,Evaluation of Spiritual care on anxiety and depression,OUT_OF_SCOPE,non-pharma,1,N,Unmatched in Screener B (best ratio: 0.67)
9814,Acupuncture combined with SSRIs for depression,OUT_OF_SCOPE,non-Canadian,1,N,Unmatched in Screener B (best ratio: 0.70)
9815,Selective Nociceptin Receptor Antagonist to Treat Depression,OUT_OF_SCOPE,non-Canadian,2,N,Agreement
9816,Effectiveness of Supplementary CBT for Pharmacotherapy-Resistant,OUT_OF_SCOPE,non-Canadian,1,N,Unmatched in Screener B (best ratio: 0.72)
9817,Effect of laser biostimulation and low-calorie diet,OUT_OF_SCOPE,non-MH,2,N,Agreement
9818,Randomized clinical trial of adjunctive ketamine in ECT,OUT_OF_SCOPE,non-Canadian,2,N,Agreement
9819,Concise Health Risk Tracking-Self Report psychometrics,OUT_OF_SCOPE,non-Canadian,2,N,Agreement
9820,Pharmacoeconomic Review: Vortioxetine (Trintellix),OUT_OF_SCOPE,review,1,N,Unmatched in Screener B (best ratio: 0.73)
9821,Initiate Danhong Injection before/after PCI for STEMI,OUT_OF_SCOPE,non-MH,1,N,Unmatched in Screener B (best ratio: 0.78)
9822,Treatment of trauma-affected refugees with venlafaxine vs sertraline,OUT_OF_SCOPE,non-Canadian,2,N,Agreement
9823,Antihyperalgesic effect of gamma-terpinene for neuropathic pain,OUT_OF_SCOPE,animal,1,N,Unmatched in Screener B (best ratio: 0.70)
9824,Effects of Attentional Bias Modification on residual depression,OUT_OF_SCOPE,non-pharma,2,N,Agreement
9825,Efficacy of rTMS and agomelatine on sleep quality in depression,OUT_OF_SCOPE,non-Canadian,1,N,Unmatched in Screener B (best ratio: 0.60)
9826,Health-related quality of life in Chinese menstrual migraine,OUT_OF_SCOPE,non-MH,1,N,Unmatched in Screener B (best ratio: 0.65)
9827,Psychological Status after Augmented MBCT for Depression,OUT_OF_SCOPE,non-Canadian,1,N,Unmatched in Screener B (best ratio: 0.53)
9828,Effect of istradefylline on mood disorders in Parkinson's,OUT_OF_SCOPE,non-Canadian,2,N,Agreement
9829,Subjective Cognitive Decline and Post-operative Delirium,OUT_OF_SCOPE,non-MH,1,N,Unmatched in Screener B (best ratio: 0.69)
9830,Safety of WALANT for lower limb surgery,OUT_OF_SCOPE,non-MH,1,N,Unmatched in Screener B (best ratio: 0.44)
9831,Does rTMS reduce depressive symptoms in young people,OUT_OF_SCOPE,non-pharma,2,N,Agreement
9832,Early improvement predicts 8-week treatment outcome in GAD,OUT_OF_SCOPE,non-Canadian,2,N,Agreement
9833,Out of my league: Appraisals of anxiety in SAD,OUT_OF_SCOPE,non-pharma,1,N,Unmatched in Screener B (best ratio: 0.81)
9834,Empathetic nursing with mindful cognitive therapy for leukemia,OUT_OF_SCOPE,non-MH,2,N,Agreement
9835,Effect of Tiaoshen Kaiqiao acupuncture for post-stroke depression,OUT_OF_SCOPE,non-pharma,1,N,Unmatched in Screener B (best ratio: 0.75)
9836,Efficacy of Hypericum extract vs paroxetine,OUT_OF_SCOPE,non-Canadian,1,N,Unmatched in Screener B (best ratio: 0.72)
9837,Effect of immediate BP reduction on post-stroke depression,OUT_OF_SCOPE,non-MH,1,N,Unmatched in Screener B (best ratio: 0.81)
9838,Vortioxetine for MDD: indirect comparison,OUT_OF_SCOPE,review,1,N,Unmatched in Screener B (best ratio: 0.69)
9839,Family psychoeducation for MDD - study protocol,OUT_OF_SCOPE,protocol,1,N,Unmatched in Screener B (best ratio: 0.71)
9840,ACT for Depression after Psychosis,OUT_OF_SCOPE,non-pharma,1,N,Unmatched in Screener B (best ratio: 0.64)
9841,Moderators of response to sertraline in cocaine dependence,OUT_OF_SCOPE,non-Canadian,1,N,Unmatched in Screener B (best ratio: 0.69)
9842,Evaluating benefits of youth mental health curriculum in Nicaragua,OUT_OF_SCOPE,non-pharma,2,N,Agreement
9843,Computerized-Adaptive vs Traditional Ratings in Ketamine Trial,OUT_OF_SCOPE,methodology,1,N,Unmatched in Screener B (best ratio: 0.80)
9844,Correction: Association Between Clinician Factors and CPT Fidelity,OUT_OF_SCOPE,non-pharma,1,N,Unmatched in Screener B (best ratio: 0.80)
9845,Comparison of Aripiprazole vs Bupropion Augmentation in MDD,OUT_OF_SCOPE,non-Canadian,1,N,Unmatched in Screener B (best ratio: 0.50)
9846,Hamilton scale and MADRS are interchangeable in meta-analyses,OUT_OF_SCOPE,methodology,2,N,Agreement
9847,Health-Related Quality of Life in PCOS (BC CaMos),OUT_OF_SCOPE,non-MH,1,N,Unmatched in Screener B (best ratio: 0.66)
9848,Association of BMI with treatment outcomes in MDD,OUT_OF_SCOPE,secondary analysis,1,N,Unmatched in Screener B (best ratio: 0.70)
9849,Efficacy of Tianeptine in Elderly Patients with MDD,OUT_OF_SCOPE,non-Canadian,2,N,Agreement
9850,Effect of Estradiol Valerate on perimenopausal women,OUT_OF_SCOPE,non-MH,1,N,Unmatched in Screener B (best ratio: 0.61)
9851,Subjective Taste and Smell Changes in FC and IBS,OUT_OF_SCOPE,non-MH,1,N,Unmatched in Screener B (best ratio: 0.80)
9852,Management Based on Multimodal Brain Monitoring,OUT_OF_SCOPE,non-MH,2,N,Agreement
9853,Reliability and Validity of THINC-it for Bipolar Depression,OUT_OF_SCOPE,non-RCT,1,N,Unmatched in Screener B (best ratio: 0.67)
9854,Early effect on general interest of agomelatine vs escitalopram,OUT_OF_SCOPE,non-Canadian,1,N,Unmatched in Screener B (best ratio: 0.70)
9855,Effect of palliative care on caregiver anxiety/depression,OUT_OF_SCOPE,non-pharma,1,N,Unmatched in Screener B (best ratio: 0.82)
9856,LEVODOPA AUGMENTATION FOR NEGATIVE SYMPTOMS IN SCHIZOPHRENIA,OUT_OF_SCOPE,non-Canadian,1,N,Unmatched in Screener B (best ratio: 0.52)
9857,Vitamin D supplementation for anxiety/depression symptoms,OUT_OF_SCOPE,non-Canadian,1,N,Unmatched in Screener B (best ratio: 0.75)
9858,Influences of Big Five personality traits on depression in ACS,OUT_OF_SCOPE,non-Canadian,1,N,Unmatched in Screener B (best ratio: 0.82)
9859,Home-based exercise for caregivers of persons with dementia,OUT_OF_SCOPE,non-pharma,1,N,Unmatched in Screener B (best ratio: 0.76)
9860,Treatment Adequacy and Adherence as Predictors of Depression Response,OUT_OF_SCOPE,secondary analysis,2,N,Agreement
9861,Happiness During Low-Dose Ketamine Infusion Predicts Response,OUT_OF_SCOPE,non-Canadian,2,N,Agreement
9862,Effects of Wait Times on Treatment Adherence in SDB,OUT_OF_SCOPE,non-MH,2,N,Agreement
9863,Transient decrease in sound tolerance following hearing deprivation,OUT_OF_SCOPE,non-MH,2,N,Agreement
9864,Somapacitan (Sogroya) CADTH Reimbursement,OUT_OF_SCOPE,non-MH,1,N,Unmatched in Screener B (best ratio: 0.81)
9865,Comparative Effectiveness of CT and DT for MDD,OUT_OF_SCOPE,non-pharma,1,N,Unmatched in Screener B (best ratio: 0.72)
9866,Assessment of functional outcomes by SDS in MDD,OUT_OF_SCOPE,secondary analysis,1,N,Unmatched in Screener B (best ratio: 0.77)
9867,Effects of transtheoretical model on depression in CHD,OUT_OF_SCOPE,non-pharma,1,N,Unmatched in Screener B (best ratio: 0.77)
9868,Negative Emotions and Course of Depression in Suicidal Older Adults,OUT_OF_SCOPE,secondary analysis,1,N,Unmatched in Screener B (best ratio: 0.82)
9869,"Multicenter RCT of bifrontal, bitemporal, and right unilateral ECT",OUT_OF_SCOPE,non-pharma,1,N,Unmatched in Screener B (best ratio: 0.60)
9870,Mechanisms of change in cognitive therapy for MDD,OUT_OF_SCOPE,non-pharma,2,N,Agreement
9871,Effect of Paroxetine Combined with Probiotics,OUT_OF_SCOPE,non-MH,2,N,Agreement
9872,Effect of Buprenorphine Weekly Depot (CAM2038),OUT_OF_SCOPE,non-Canadian,2,N,Agreement
9873,EFFECTIVENESS OF PEER-BASED INTERVENTION ON OLDER CHINESE IMMIGRANTS IN CANADA,OUT_OF_SCOPE,non-pharma,1,N,Unmatched in Screener B (best ratio: 0.80)
9874,Guided internet CBT vs gold standard depression treatments,OUT_OF_SCOPE,non-pharma,2,N,Agreement
9875,In-vivo imaging of targeting by tDCS for depression,OUT_OF_SCOPE,non-pharma,1,N,Unmatched in Screener B (best ratio: 0.79)
9876,Consistency checks to improve measurement with HAM-D,OUT_OF_SCOPE,methodology,2,N,Agreement
9877,Repeated low-dose oral esketamine for TRD: pilot study,OUT_OF_SCOPE,non-RCT,1,N,Unmatched in Screener B (best ratio: 0.67)
9878,Subjective Taste and Smell Changes in Globus Patients,OUT_OF_SCOPE,non-MH,1,N,Unmatched in Screener B (best ratio: 0.76)
9879,Reduced multisensory facilitation in autism,OUT_OF_SCOPE,non-pharma,1,N,Unmatched in Screener B (best ratio: 0.76)
9880,Therapeutic effects of BLT + escitalopram for poststroke depression,OUT_OF_SCOPE,non-Canadian,1,N,Unmatched in Screener B (best ratio: 0.53)
9881,Evaluating response to mood stabilizers in mixed depression,OUT_OF_SCOPE,non-Canadian,1,N,Unmatched in Screener B (best ratio: 0.77)
9882,Effect of Brahmi vati and Sarpagandha Ghana vati in hypertension,OUT_OF_SCOPE,non-MH,2,N,Agreement
9883,Whether Fire-needle Therapy Benefits Plaque Psoriasis,OUT_OF_SCOPE,non-MH,2,N,Agreement
9884,Validity of patient-evaluated medication adherence in bipolar,OUT_OF_SCOPE,non-Canadian,1,N,Unmatched in Screener B (best ratio: 0.67)
9885,Algorithm-Guided Treatment for Depressed Inpatients (GAP3),OUT_OF_SCOPE,non-Canadian,1,N,Unmatched in Screener B (best ratio: 0.73)
9886,Efficacy of neuromuscular electrical stimulation in cerebral infarction,OUT_OF_SCOPE,non-MH,2,N,Agreement
9887,Improvements in irritability with sertraline vs placebo,OUT_OF_SCOPE,non-Canadian,2,N,Agreement
9888,Dose-Related Effects of Adjunctive Ketamine in Taiwanese TRD,OUT_OF_SCOPE,non-Canadian,2,N,Agreement
9889,Frontoparietal Activation Predicts Remission to Antidepressants,OUT_OF_SCOPE,non-Canadian,1,N,Unmatched in Screener B (best ratio: 0.55)
9890,OLDER PERSONS WITH HIV IN CANADIAN HOME AND LONG-TERM CARE,OUT_OF_SCOPE,non-MH,2,N,Agreement
9891,Novel Treatment of Opioid Cravings With Transcranial Photobiomodulation,OUT_OF_SCOPE,non-pharma,1,N,Unmatched in Screener B (best ratio: 0.77)
9892,Effect of Low Dose Ketamine on Learning Memory in ECT,OUT_OF_SCOPE,non-Canadian,2,N,Agreement
9893,Plasma Circular RNA DYM in MDD and rTMS response,OUT_OF_SCOPE,non-Canadian,1,N,Unmatched in Screener B (best ratio: 0.59)
9894,OXYTOCIN ENHANCES VISUAL ATTENTION IN SCHIZOPHRENIA,OUT_OF_SCOPE,non-Canadian,1,N,Unmatched in Screener B (best ratio: 0.67)
9895,Clinical Efficacy of Modified Danggui-Shaoyao San for Depression in CKD,OUT_OF_SCOPE,non-Canadian,1,N,Unmatched in Screener B (best ratio: 0.42)
9896,Efficacy of rTMS in Treatment of MDD in Croatia,OUT_OF_SCOPE,non-pharma,1,N,Unmatched in Screener B (best ratio: 0.56)
9897,Temporal Associations of Alliance and Adherence in CBT for Depression,OUT_OF_SCOPE,non-pharma,1,N,Unmatched in Screener B (best ratio: 0.67)
9898,Randomized controlled study of early medication change in MDD,OUT_OF_SCOPE,non-Canadian,2,N,Agreement
9899,Transcranial direct current stimulation for interstitial cystitis,OUT_OF_SCOPE,non-MH,1,N,Unmatched in Screener B (best ratio: 0.78)
9900,Effects of Psychosomatic Mutual Aid on Turner Syndrome,OUT_OF_SCOPE,non-pharma,1,N,Unmatched in Screener B (best ratio: 0.75)
9901,Reliability and validity of PHQ-9 for MDD in China,OUT_OF_SCOPE,non-RCT,1,N,Unmatched in Screener B (best ratio: 0.71)
9902,Circadian reinforcement therapy for discharged depression patients,OUT_OF_SCOPE,non-pharma,1,N,Unmatched in Screener B (best ratio: 0.65)
9903,Actigraphy in MDD Patients Undergoing rTMS,OUT_OF_SCOPE,non-pharma,1,N,Unmatched in Screener B (best ratio: 0.57)
9904,Identifying best treatment for MDD based on attachment,OUT_OF_SCOPE,non-pharma,1,N,Unmatched in Screener B (best ratio: 0.65)
9905,Smartphone application for unhealthy alcohol use,OUT_OF_SCOPE,non-pharma,2,N,Agreement
9906,Incidence of nocebo response in placebo arms of olanzapine trials,OUT_OF_SCOPE,secondary analysis,1,N,Unmatched in Screener B (best ratio: 0.52)
9907,Effect of psychoeducation on late life depression - Protocol,OUT_OF_SCOPE,non-pharma,1,N,Unmatched in Screener B (best ratio: 0.62)
31462766,Reward related ventral striatal activity and differential response to sertraline versus placebo in depressed individuals.,OUT_OF_SCOPE,non-Canadian,1,N,Unmatched in Screener A
33181049,Brexanolone in Postpartum Depression: Post Hoc Analyses to Help Inform Clinical Decision-Making.,OUT_OF_SCOPE,non-Canadian,1,N,Unmatched in Screener A
29505804,Outcome of a three-phase treatment algorithm for inpatients with melancholic depression.,OUT_OF_SCOPE,non-Canadian,1,N,Unmatched in Screener A
32608096,A randomised clinical pilot trial to test the effectiveness of parent training with video modelling to improve functioning and symptoms in children with autism spectrum disorders and intellectual disability.,OUT_OF_SCOPE,non-pharmacological,1,N,Unmatched in Screener A
32388446,"A pilot, open-label investigation of the efficacy of glucosamine for the treatment of major depression.",OUT_OF_SCOPE,not RCT,1,N,Unmatched in Screener A
27862658,"Double-blind, randomized crossover study of intravenous infusion of magnesium sulfate versus 5% dextrose on depressive symptoms in adults with treatment-resistant depression.",OUT_OF_SCOPE,non-Canadian,1,N,Unmatched in Screener A
28740537,The Anti-Inflammatory Effects of Invigorating Kidney and Supplementing Qi Chinese Herbal Formulae in Asthma Patients.,OUT_OF_SCOPE,not MH condition,1,N,Unmatched in Screener A
26478208,"Single i.v. ketamine augmentation of newly initiated escitalopram for major depression: results from a randomized, placebo-controlled 4-week study.",OUT_OF_SCOPE,non-Canadian,1,N,Unmatched in Screener A
29990666,Determinants of antidepressant response: Implications for practice and future clinical trials.,OUT_OF_SCOPE,secondary analysis,1,N,Unmatched in Screener A
32896644,Transcranial direct current stimulation: A novel approach in the treatment of vascular depression.,OUT_OF_SCOPE,non-Canadian,1,N,Unmatched in Screener A
33470755,"The short-term effects of estradiol, raloxifene, and a phytoestrogen in women with perimenopausal depression.",OUT_OF_SCOPE,non-Canadian,1,N,Unmatched in Screener A
29427582,"Increased plasma nesfatin-1 levels may be associated with corticosterone, IL-6, and CRP levels in patients with major depressive disorder.",OUT_OF_SCOPE,not RCT,1,N,Unmatched in Screener A
31861026,Chart review of patients receiving valsartan-amlodipine single-pill combination versus valsartan and amlodipine combination for blood pressure goal achievement and effects on the Hamilton anxiety rating/Hamilton depression rating scales.,OUT_OF_SCOPE,not MH condition,1,N,Unmatched in Screener A
row_9792,"SUN-377 Efficacy of Low Dose Denosumab in Maintaining Bone Mineral Density in Postmenopausal Women with Osteoporosis: A Real World, Prospective Observational Study",OUT_OF_SCOPE,not MH condition,1,N,Unmatched in Screener A
35326307,Cognitive Considerations in Major Depression: Evaluating the Effects of Pharmacotherapy and ECT on Mood and Executive Control Deficits.,OUT_OF_SCOPE,non-Canadian,1,N,Unmatched in Screener A
35694919,Effects of Tianeptine Treatment on Depression and Cognitive Function in Patients with Alzheimer's Disease: A 12-Month Retrospective Observational Study.,OUT_OF_SCOPE,not RCT,1,N,Unmatched in Screener A
36225720,Preliminary Evidence of Efficacy and Target Engagement of Pramipexole in Anhedonic Depression.,OUT_OF_SCOPE,not RCT,1,N,Unmatched in Screener A
36513039,The Effectiveness of Metacognitive Therapy Compared to Behavioral Activation for Severely Depressed Outpatients: A Single-Center Randomized Trial.,OUT_OF_SCOPE,non-pharmacological,1,N,Unmatched in Screener A
28119755,Efficacy and Safety of Electroacupuncture on Treating Depression Related Sleep Disorders: Study Protocol of a Randomized Controlled Trial.,OUT_OF_SCOPE,protocol,1,N,Unmatched in Screener A
34326642,A Preliminary Randomized Controlled Trial of Different Treatment Regimens for Melancholic Depression.,OUT_OF_SCOPE,non-Canadian,1,N,Unmatched in Screener A
32293577,"A Web- and Mobile-Based Intervention for Comorbid, Recurrent Depression in Patients With Chronic Back Pain on Sick Leave (Get.Back): Pilot Randomized Controlled Trial on Feasibility, User Satisfaction, and Effectiveness.",OUT_OF_SCOPE,non-Canadian,1,N,Unmatched in Screener A
30677646,"Impact of pharmacogenomics on clinical outcomes in major depressive disorder in the GUIDED trial: A large, patient- and rater-blinded, randomized, controlled study.",OUT_OF_SCOPE,non-Canadian,1,N,Unmatched in Screener A
32227773,"Effectiveness of electroacupuncture at Jiaji acupoints (EX-B2), plus moxibustion and intermediate on postherpetic neuralgia: a randomized controlled trial.",OUT_OF_SCOPE,not MH condition,1,N,Unmatched in Screener A
32011502,Comparison of the immediate analgesic effect of perpendicular needling and transverse needling at SP6 in patients with primary dysmenorrhea: Study protocol for a randomized controlled trial.,OUT_OF_SCOPE,not MH condition,1,N,Unmatched in Screener A
28974247,The long-term effect of acupuncture for patients with chronic tension-type headache: study protocol for a randomized controlled trial.,OUT_OF_SCOPE,not MH condition,1,N,Unmatched in Screener A
31513968,Verbal memory predicts treatment outcome in syndromal anxious depression: An iSPOT-D report.,OUT_OF_SCOPE,secondary analysis,1,N,Unmatched in Screener A
34397282,"Comparative Assessment of Anxiety, Pain, and Discomfort During Rapid Maxillary Expansion Using Two Different Activation Protocols in Patients With Cleft Lip and Palate.",OUT_OF_SCOPE,not MH condition,1,N,Unmatched in Screener A
34837758,The Efficacy of Group Acceptance and Commitment Therapy for Preventing Post-Stroke Depression: A Randomized Controlled Trial.,OUT_OF_SCOPE,non-pharmacological,1,N,Unmatched in Screener A
32798197,"Effects of the pestle needle therapy, a type of acupoint stimulation, on post-hemorrhoidectomy pain: A randomized controlled trial.",OUT_OF_SCOPE,not MH condition,1,N,Unmatched in Screener A
32749468,Effectiveness of Emotional Memory Reactivation vs Control Memory Reactivation Before Electroconvulsive Therapy in Adult Patients With Depressive Disorder: A Randomized Clinical Trial.,OUT_OF_SCOPE,non-pharmacological,1,N,Unmatched in Screener A
28276950,Evaluation of the effect of Spiritual care on patients with generalized anxiety and depression: a randomized controlled study.,OUT_OF_SCOPE,non-pharmacological,1,N,Unmatched in Screener A
31331577,Can acupuncture combined with SSRIs improve clinical symptoms and quality of life in patients with depression? Secondary outcomes of a pragmatic randomized controlled trial.,OUT_OF_SCOPE,non-Canadian,1,N,Unmatched in Screener A
28252882,Effectiveness of Supplementary Cognitive-Behavioral Therapy for Pharmacotherapy-Resistant Depression: A Randomized Controlled Trial.,OUT_OF_SCOPE,non-Canadian,1,N,Unmatched in Screener A
33108145,Pharmacoeconomic Review Report: Vortioxetine Hydrobromide (Trintellix): (Lundbeck Canada Inc.): Indication: The treatment of major depressive disorder in adults,OUT_OF_SCOPE,review,1,N,Unmatched in Screener A
31915046,Initiate Danhong Injection before or after percutaneous coronary intervention for microvascular obstruction in ST-elevation myocardial infarction (DIRECTION): study protocol for a randomized controlled trial.,OUT_OF_SCOPE,not MH condition,1,N,Unmatched in Screener A
39079594,Antihyperalgesic effect of γ-terpinene complexed in β-cyclodextrin on neuropathic pain model induced by tumor cells.,OUT_OF_SCOPE,animal study,1,N,Unmatched in Screener A
36435397,Efficacy of repetitive transcranial magnetic stimulation and agomelatine on sleep quality and biomarkers of adult patients with mild to moderate depressive disorder.,OUT_OF_SCOPE,non-Canadian,1,N,Unmatched in Screener A
35570288,Health-related quality of life and associated factors in Chinese menstrual migraine patients: a cross-sectional study.,OUT_OF_SCOPE,not RCT,1,N,Unmatched in Screener A
35069013,"Psychological Status, Compliance, Serum Brain-Derived Neurotrophic Factor, and Nerve Growth Factor Levels of Patients with Depression after Augmented Mindfulness-Based Cognitive Therapy.",OUT_OF_SCOPE,non-pharmacological,1,N,Unmatched in Screener A
34177556,Subjective Cognitive Decline May Be Associated With Post-operative Delirium in Patients Undergoing Total Hip Replacement: The PNDABLE Study.,OUT_OF_SCOPE,not MH condition,1,N,Unmatched in Screener A
36157424,Safety of wide-awake local anesthesia with no tourniquet (WALANT) in for lower limb surgery: A potential alternative in times of emergency.,OUT_OF_SCOPE,not MH condition,1,N,Unmatched in Screener A
29858095,Out of my league: Appraisals of anxiety and confidence in others by individuals with and without social anxiety disorder.,OUT_OF_SCOPE,not RCT,1,N,Unmatched in Screener A
29960288,Effect of Tiaoshen Kaiqiao acupuncture in the treatment of ischemic post-stroke depression: a randomized controlled trial.,OUT_OF_SCOPE,non-Canadian,1,N,Unmatched in Screener A
27161105,Efficacy of Hypericum extract WS(®) 5570 compared with paroxetine in patients with a moderate major depressive episode - a subgroup analysis.,OUT_OF_SCOPE,non-Canadian,1,N,Unmatched in Screener A
34979180,Effect of immediate blood pressure reduction on post-stroke depression in ischemic stroke patients: A substudy of CATIS trial.,OUT_OF_SCOPE,secondary analysis,1,N,Unmatched in Screener A
26938965,"Vortioxetine for major depressive disorder: An indirect comparison with duloxetine, escitalopram, levomilnacipran, sertraline, venlafaxine, and vilazodone, using number needed to treat, number needed to harm, and likelihood to be helped or harmed.",OUT_OF_SCOPE,secondary analysis,1,N,Unmatched in Screener A
27577267,Family psychoeducation for major depressive disorder - study protocol for a randomized controlled trial.,OUT_OF_SCOPE,protocol,1,N,Unmatched in Screener A
row_9840,Acceptance and Commitment Therapy for Depression after Psychosis : autobiographical memory specificity and rumination as candidate mechanisms of change (and clinical research portfolio),OUT_OF_SCOPE,non-Canadian,1,N,Unmatched in Screener A
29115703,"Moderators of response to sertraline versus placebo among recently abstinent, cocaine dependent patients: A retrospective analysis of two clinical trials.",OUT_OF_SCOPE,secondary analysis,1,N,Unmatched in Screener A
33897480,Computerized-Adaptive vs. Traditional Ratings of Depression and Suicidal Thoughts: An Assay Sensitivity Pilot Study in a Ketamine Clinical Trial.,OUT_OF_SCOPE,secondary analysis,1,N,Unmatched in Screener A
31463667,Correction to: The Association Between Clinician and Perceived Organizational Factors with Early Fidelity to Cognitive Processing Therapy for Posttraumatic Stress Disorder in a Randomized Controlled Implementation Trial.,OUT_OF_SCOPE,not RCT,1,N,Unmatched in Screener A
28129308,"Comparison of the Efficacy and Safety of Aripiprazole Versus Bupropion Augmentation in Patients With Major Depressive Disorder Unresponsive to Selective Serotonin Reuptake Inhibitors: A Randomized, Prospective, Open-Label Study.",OUT_OF_SCOPE,non-Canadian,1,N,Unmatched in Screener A
row_9847,MON-LB042 Health-Related Quality of Life in Women with Polycystic Ovary Syndrome/Anovulatory Androgen Excess versus Local Population-Based Control Women (from the British Columbia Canadian Multicentre Osteoporosis Study [BC CaMos]),OUT_OF_SCOPE,not RCT,1,N,Unmatched in Screener A
33243554,The association of body mass index (BMI) with treatment outcomes in patients with major depressive disorder.,OUT_OF_SCOPE,secondary analysis,1,N,Unmatched in Screener A
34697549,"A Clinical Study of the Effect of Estradiol Valerate on Sleep Disorders, Negative Emotions, and Quality of Life in Perimenopausal Women.",OUT_OF_SCOPE,non-Canadian,1,N,Unmatched in Screener A
34589124,Subjective Taste and Smell Changes in Conjunction with Anxiety and Depression Are Associated with Symptoms in Patients with Functional Constipation and Irritable Bowel Syndrome.,OUT_OF_SCOPE,not MH condition,1,N,Unmatched in Screener A
33116541,Reliability and Validity of THINC-it in Evaluating Cognitive Function of Patients with Bipolar Depression.,OUT_OF_SCOPE,not RCT,1,N,Unmatched in Screener A
27054610,"Early effect on general interest, and short-term antidepressant efficacy and safety of agomelatine (25-50mg/day) and escitalopram (10-20mg/day) in outpatients with Major Depressive Disorder. A 12-week randomised double-blind comparative study.",OUT_OF_SCOPE,non-Canadian,1,N,Unmatched in Screener A
34017559,"Effect of palliative care on the anxiety, depression and sleep quality in primary caregivers of elderly patients with terminal cancer.",OUT_OF_SCOPE,non-pharmacological,1,N,Unmatched in Screener A
row_9856,F225. LEVODOPA AUGMENTATION OF ANTIPSYCHOTICS FOR THE TREATMENT OF NEGATIVE SYMPTOMS IN SCHIZOPHRENIA,OUT_OF_SCOPE,not RCT,1,N,Unmatched in Screener A
32945627,Vitamin D supplementation improves anxiety but not depression symptoms in patients with vitamin D deficiency.,OUT_OF_SCOPE,non-Canadian,1,N,Unmatched in Screener A
27280961,Influences of the Big Five personality traits on the treatment response and longitudinal course of depression in patients with acute coronary syndrome: A randomised controlled trial.,OUT_OF_SCOPE,not RCT,1,N,Unmatched in Screener A
27655115,A home-based exercise intervention for caregivers of persons with dementia: study protocol for a randomised controlled trial.,OUT_OF_SCOPE,non-pharmacological,1,N,Unmatched in Screener A
38301057,Somapacitan (Sogroya): CADTH Reimbursement Recommendation: Indication: For the long-term treatment of pediatric patients who have growth failure due to an inadequate secretion of endogenous growth hormone (growth hormone deficiency),OUT_OF_SCOPE,not MH condition,1,N,Unmatched in Screener A
27487573,Comparative Effectiveness of Cognitive Therapy and Dynamic Psychotherapy for Major Depressive Disorder in a Community Mental Health Setting: A Randomized Clinical Noninferiority Trial.,OUT_OF_SCOPE,non-pharmacological,1,N,Unmatched in Screener A
26331440,Assessment of functional outcomes by Sheehan Disability Scale in patients with major depressive disorder treated with duloxetine versus selective serotonin reuptake inhibitors.,OUT_OF_SCOPE,secondary analysis,1,N,Unmatched in Screener A
32228532,Effects of a transtheoretical model - based intervention and motivational interviewing on the management of depression in hospitalized patients with coronary heart disease: a randomized controlled trial.,OUT_OF_SCOPE,non-pharmacological,1,N,Unmatched in Screener A
31582195,Negative Emotions and the Course of Depression During Psychotherapy in Suicidal Older Adults With Depression and Cognitive Impairment.,OUT_OF_SCOPE,non-pharmacological,1,N,Unmatched in Screener A
31260569,"Multicenter randomized controlled trial of bifrontal, bitemporal, and right unilateral electroconvulsive therapy in major depressive disorder.",OUT_OF_SCOPE,non-Canadian,1,N,Unmatched in Screener A
row_9873,THE EFFECTIVENESS OF A PEER-BASED INTERVENTION ON SOCIALLY ISOLATED OLDER CHINESE IMMIGRANTS IN CANADA,OUT_OF_SCOPE,non-pharmacological,1,N,Unmatched in Screener A
33627624,In-vivo imaging of targeting and modulation of depression-relevant circuitry by transcranial direct current stimulation: a randomized clinical trial.,OUT_OF_SCOPE,non-pharmacological,1,N,Unmatched in Screener A
34865676,"Repeated, low-dose oral esketamine in patients with treatment-resistant depression: pilot study.",OUT_OF_SCOPE,non-Canadian,1,N,Unmatched in Screener A
34380977,Subjective Changes of Taste and Smell in Conjunction With Anxiety and Depression Are Associated With Symptoms in Globus Patients Without Evidence of Pathologic Acid Reflux.,OUT_OF_SCOPE,not MH condition,1,N,Unmatched in Screener A
33291045,Reduced multisensory facilitation exists at different periods of development in autism.,OUT_OF_SCOPE,not RCT,1,N,Unmatched in Screener A
32830332,The therapeutic effects and safety of bright light therapy combined with escitalopram oxalate on insomnia in patients with poststroke depression.,OUT_OF_SCOPE,non-Canadian,1,N,Unmatched in Screener A
26950019,Evaluating response to mood stabilizers in patients with mixed depression: A study of agreement between three different mania rating scales and a depression rating scale.,OUT_OF_SCOPE,not RCT,1,N,Unmatched in Screener A
32046986,Validity and characteristics of patient-evaluated adherence to medication via smartphones in patients with bipolar disorder: exploratory reanalyses on pooled data from the MONARCA I and II trials.,OUT_OF_SCOPE,secondary analysis,1,N,Unmatched in Screener A
28645191,How Effective Is Algorithm-Guided Treatment for Depressed Inpatients? Results from the Randomized Controlled Multicenter German Algorithm Project 3 Trial.,OUT_OF_SCOPE,non-Canadian,1,N,Unmatched in Screener A
25891220,Frontoparietal Activation During Response Inhibition Predicts Remission to Antidepressants in Patients With Major Depression.,OUT_OF_SCOPE,secondary analysis,1,N,Unmatched in Screener A
32973577,A Novel Treatment of Opioid Cravings With an Effect Size of .73 for Unilateral Transcranial Photobiomodulation Over Sham.,OUT_OF_SCOPE,non-pharmacological,1,N,Unmatched in Screener A
32663980,Plasma Circular RNA DYM Related to Major Depressive Disorder and Rapid Antidepressant Effect Treated by Visual Cortical Repetitive Transcranial Magnetic Stimulation.,OUT_OF_SCOPE,non-Canadian,1,N,Unmatched in Screener A
row_9894,F77. OXYTOCIN ENHANCES VISUAL ATTENTION TO FACIAL STIMULI IN PATIENTS WITH SCHIZOPHRENIA: EVIDENCE FROM AN EYE-TRACKING STUDY,OUT_OF_SCOPE,non-Canadian,1,N,Unmatched in Screener A
36415742,Preliminary Exploration of Clinical Efficacy and Pharmacological Mechanism of Modified Danggui-Shaoyao San in the Treatment of Depression in Patients with Chronic Kidney Disease.,OUT_OF_SCOPE,non-Canadian,1,N,Unmatched in Screener A
28291972,"Efficacy, Safety and Tolerability of Augmentative rTMS in Treatment of Major Depressive Disorder (MDD): A Prospective Cohort Study in Croatia.",OUT_OF_SCOPE,not RCT,1,N,Unmatched in Screener A
33519551,The Temporal Associations of Therapeutic Alliance and Manual Adherence With Depressive Symptom Change in Cognitive Behavioral Therapy for Adult Outpatient Major Depression.,OUT_OF_SCOPE,non-pharmacological,1,N,Unmatched in Screener A
34062307,Transcranial direct current electrical stimulation for the treatment of interstitial cystitis: A study protocol.,OUT_OF_SCOPE,not MH condition,1,N,Unmatched in Screener A
34040554,Effects of Psychosomatic Mutual Aid Treatment on Anxiety and Depression in Turner Syndrome.,OUT_OF_SCOPE,non-Canadian,1,N,Unmatched in Screener A
32993604,The reliability and validity of PHQ-9 in patients with major depressive disorder in psychiatric hospital.,OUT_OF_SCOPE,not RCT,1,N,Unmatched in Screener A
31023274,Circadian reinforcement therapy in combination with electronic self-monitoring to facilitate a safe post-discharge period of patients with depression by stabilizing sleep: protocol of a randomized controlled trial.,OUT_OF_SCOPE,protocol,1,N,Unmatched in Screener A
27611301,Actigraphy in Patients With Major Depressive Disorder Undergoing Repetitive Transcranial Magnetic Stimulation: An Open Label Pilot Study.,OUT_OF_SCOPE,not RCT,1,N,Unmatched in Screener A
30419875,Identifying the most suitable treatment for depression based on patients' attachment: study protocol for a randomized controlled trial of supportive-expressive vs. supportive treatments.,OUT_OF_SCOPE,protocol,1,N,Unmatched in Screener A
29926533,Incidence and characteristics of the nocebo response from meta-analyses of the placebo arms of clinical trials of olanzapine for bipolar disorder.,OUT_OF_SCOPE,review,1,N,Unmatched in Screener A
33102286,Effect of psychoeducation on short-term outcome in patients with late life depression: A randomized control trial - Protocol.,OUT_OF_SCOPE,protocol,1,N,Unmatched in Screener A
