record_number,pmid,doi,first_author,year,journal,disorder_category,intervention,comparator,sample_size,trial_design,multisite,international,canadian_sites_n,canadian_sites_named,funder,registration,consent_language,cited_by_count,citations_per_year,place_reported,place_detail,place_notes,race_reported,race_categories,race_n_groups,race_framework,race_granularity,race_subgroup_analysis,race_as_variable,race_social_construct,race_crosswalk,race_notes,occupation_reported,occupation_detail,sex_reported,sex_categories,gender_reported,gender_categories,sex_gender_distinguished,sex_subgroup_analysis,religion_reported,religion_detail,education_reported,education_detail,ses_reported,ses_indicators,ses_detail,social_capital_reported,social_capital_detail,age_reported,age_detail,age_subgroup_analysis,disability_reported,disability_type,disability_notes,sogi_reported,sogi_categories,sogi_notes,intersectional_analysis,intersectional_detail,indigenous_participation,indigenous_groups_named,indigenous_specific_trial,indigenous_separate_reporting,indigenous_partnership,indigenous_partnership_detail,indigenous_data_ownership,indigenous_governance_body,indigenous_data_sovereignty,indigenous_data_sovereignty_detail,indigenous_notes,consort_equity_compliant,consort_equity_notes,confidence_notes
1,30135032,10.1016/j.euroneuro.2018.05.006,Stein,2018,European Neuropsychopharmacology,Anxiety-Trauma-OCD,Agomelatine 25-50 mg/day,Escitalopram 10-20 mg/day,523,Parallel,Yes,Yes,6,Not reported (6 centres in Canada),Industry,Not reported,Informed signed consent,,,Yes,"Countries listed: Australia (6), Canada (6), Czech Republic (10), Finland (6), Germany (9), Hungary (6), Poland (7), Russia (7), Slovakia (4). 61 centres total.",Countries and centre counts reported; individual site names not given.,No,,0,Not stated,,No,Not used,No,,No mention of race/ethnicity anywhere.,No,,Yes,Male; Female (% female per arm),No,,No,No,No,,No,,No,,,No,,Yes,Mean 41.0 (SD 12.1) years; range 18-65,No,No,,"SDS scores reported as clinical endpoint, not demographic.",No,,,No,,Not reported,,No,No,No,,No,No,0,,,No,"Reports sex and age only. No race/ethnicity, SES, education, or equity subgroup analyses.",Registration number not found in text. Sex vs gender not distinguished. Canadian site cities not named (Van Ameringen suggests Hamilton ON).
2,41779422,10.1001/jama.2026.1327,Cipriani,2026,JAMA,Depression,PETRUSHKA decision-support for antidepressant selection,Usual care (clinician-selected antidepressant),520,Parallel,Yes,Yes,1,"CAMH, University of Toronto",Other government,NCT05608330,Written or electronic informed consent,,,Yes,"Brazil 23%, Canada ~6.5%, UK 70%; 47 sites across 3 countries; primary (93.5%) vs secondary (6.5%) care",Country-level breakdown available. Subgroup analysis by care setting reported.,Yes,African/Caribbean; Asian; White; Other,4,Other,Coarse,No,Descriptive only,No,African/Caribbean -> Black; Asian -> South Asian+East Asian+Southeast Asian (ambiguous); White -> Not a visible minority,Self-reported using fixed categories. 84% White. Paper acknowledges racial homogeneity as limitation.,No,,Yes,Male; Female,No,,No,No,No,,No,,Partial,SES mentioned as PETRUSHKA model predictor,SES listed as predictor in tool but not reported for trial sample,No,,Yes,Median 35 (IQR 25-48); eligibility 18-74 years,No,Partial,Comorbid medical conditions reported,Medical comorbidities listed but not framed as disability.,No,,,No,,Not reported,,No,No,No,,No,No,0,,Single Canadian site (CAMH) with ~34 participants.,Partial,Race/ethnicity reported descriptively. Predominantly White sample acknowledged as limitation. No equity subgroup analyses.,SES coded Partial (model predictor but not reported for sample). Race framework coded Other (study-specific categories). NIHR funder coded Other government.
3,26482056,10.1016/j.jamda.2015.08.019,Herrmann,2016,Journal of the American Medical Directors Association,Dementia,Placebo (ChEI discontinuation),ChEI continuation (donepezil/galantamine/rivastigmine),40,Parallel,Yes,No,2,2 LTC facilities (Sunnybrook/Toronto area),Foundation,Not reported,Informed consent from substitute decision maker,,,Partial,2 LTC facilities in Canada; no city/province explicitly named,"Authors based at Sunnybrook Health Sciences Centre, Toronto.",No,,0,Not stated,,No,Not used,No,,No mention of race/ethnicity.,No,All institutionalized in LTC,Yes,"% Male per group (Placebo 73.7%, ChEI 85.7%)",No,,No,No,No,,No,,No,,,No,,Yes,Mean 89.2 (SD 3.5) years; eligibility >=55 years,No,Partial,"Cognitive impairment (moderate-severe AD, sMMSE 1-20)",Disability inherent to sample (institutionalized AD). Not framed as separate equity variable.,No,,,No,,Not reported,,No,No,No,,No,No,0,,,No,Reports age and sex only. Small pilot (N=40) in institutionalized dementia population.,Funder coded Foundation (Alzheimer's Society of Canada + Coleman Fund). No registration number found. Specific LTC facility names not provided.
4,39415650,10.1017/neu.2024.32,McIntyre,2024,Acta Neuropsychiatrica,Depression,Brexpiprazole (adjunctive to ADT),Placebo (adjunctive to ADT),489,Parallel,Yes,No,0,None (US-only per ClinicalTrials.gov NCT03538691),Industry,NCT03538691,Not reported,,,Partial,Multicentre; ClinicalTrials.gov confirms US-only,Paper says multicentre but does not name sites or countries.,Yes,White; Black/African American; Asian; Other; Unknown/Not Reported,5,US-derived,Moderate,No,Descriptive only,No,US FDA categories; not directly comparable to Stats Canada taxonomy,Hispanic/Latino ethnicity also collected (9.6%). Data from Table 1 (image) confirmed via ClinicalTrials.gov.,No,,Yes,Male; Female,No,,No,No,No,,No,,No,,,No,,Yes,Mean 42.3 (SD 13.1) years; eligibility 18-65,No,No,,"SDS/CGI-S measured as endpoints, not demographics.",No,,,No,,Not reported,,No,No,No,,No,No,0,,US-only trial.,No,Race/ethnicity and sex reported descriptively. No equity subgroup analyses.,CRITICAL: ClinicalTrials.gov confirms NO Canadian sites. McIntyre (Toronto) is lead author but trial is US-only. This record may need re-evaluation for inclusion under the Canadian recruitment site criterion. Table 1 was image-only; race data confirmed via ClinicalTrials.gov API.
5,30684794,10.1016/j.psychres.2019.01.066,Quilty,2019,Psychiatry Research,Eating Disorder,OROS methylphenidate 18-72 mg/day,Cognitive behavioral therapy (CBT),49,Parallel,No,No,1,"CAMH, Toronto, Ontario",Foundation,NCT01921582,Capacity to give informed consent (inclusion criterion),,,Yes,"Single-site at CAMH, Toronto, Ontario, Canada",Recruited via physician referral and community advertisements in Toronto area.,Yes,White/Caucasian; South Asian; and additional groups (text truncated in scrape),4,Canadian Census,Moderate,No,Covariate,No,Statistics Canada racial groupings used directly,Explicitly uses Statistics Canada racial groupings. 38/49 White/Caucasian. Race/ethnicity controlled as covariate in all analyses given association with BMI. Some category labels truncated in web scrape.,No,,Yes,Female only (100% women; study restricted to women),No,,No,No,No,,No,,No,,,No,,Yes,Mean 32.78 (SD 8.62); eligibility 18-50 years,No,No,,,No,,,No,,Not reported,,No,No,No,,No,No,0,,Statistics Canada groupings used but no Indigenous category explicitly named (text truncation prevents certainty).,Partial,Race reported using Statistics Canada framework and controlled as covariate. No equity subgroup analyses.,FLAGGED: Screening categorized as ADHD but full text reveals this is a binge eating disorder (BED) study. Race categories partially truncated in web scrape. Ontario Mental Health Foundation funder coded as Foundation.
6,28013123,10.1016/j.jad.2016.12.006,Cha,2017,Journal of Affective Disorders,Depression,Intranasal insulin (40 IU Humulin R),Placebo (intranasal sterile diluent),35,Crossover,No,No,1,"Mood Disorders Psychopharmacology Unit (MDPU), UHN, University of Toronto",Foundation,Not reported,Informed consent (exclusion: inability to provide),,,Yes,"Single-site at MDPU, UHN, University of Toronto, Toronto, Canada",,Yes,White; Black; Asian; Other,4,Not stated,Coarse,No,Descriptive only,No,White -> Not a visible minority; Black -> Black; Asian -> ambiguous (South/East/Southeast Asian),"Labeled 'Ethnicity' in Table 1. 94.28% White (n=33), 2.86% Asian (n=1), 2.86% Other (n=1), 0% Black (n=0). Very homogeneous sample.",Yes,Full-Time 85.72%; Unemployed 8.57%; Student 5.71%; Part-Time 0%,Yes,Female 62.86% (n=22); Male 37.14% (n=13),No,,No,No,No,,Yes,< High School 0%; High School 17.14%; College 22.86%; University Undergraduate 31.43%; Graduate/Professional 28.57%,Partial,Employment status; education level,Employment and education in Table 1; no direct income or SES measure,No,,Yes,Mean 47.09 (SD 9.89); eligibility 18-65 years,No,No,,,No,,,No,,Not reported,,No,No,No,,No,No,0,,,No,"Race, sex, age, education, employment reported descriptively. No equity subgroup analyses. 94% White sample.",No trial registration number found. Brain and Behaviour Research Foundation funder coded Foundation. Labeled 'Ethnicity' not 'Race' in Table 1.
7,25999335,10.1192/bjp.bp.114.147587,Yatham,2016,The British Journal of Psychiatry,Bipolar-Mood,Agomelatine 25-50 mg adjunctive to lithium or valproate,Placebo adjunctive to lithium or valproate,344,Parallel,Yes,Yes,1,"University of British Columbia, Vancouver",Industry,ISRCTN28588282,Not reported,,,Partial,"67 centres in 15 countries (Australia, Argentina, Brazil, Canada, Denmark, Finland, France, Germany, India, Korea, Netherlands, Poland, South Africa, Spain)",Countries listed but no participant-level geographic breakdown.,No,,0,Not stated,,No,Not used,No,,No race/ethnicity data reported despite 15-country trial spanning multiple continents.,No,,Yes,Male; Female (61.1% female),No,,No,No,No,,No,,No,,,No,,Yes,Mean 45.2 (SD 12.6) years; eligibility 18-70,No,No,,,No,,,No,,Not reported,,No,No,No,,No,No,0,,"15-country trial includes Canada, India, South Africa, Australia, Brazil where Indigenous populations exist — no Indigenous-specific reporting.",No,Reports sex and age only. No race/ethnicity despite 15-country multiracial sample.,Funder is Servier (France) coded Industry. Canadian site count may be >1 but only Vancouver explicitly confirmed from author affiliations.
8,23773886,10.3371/CSRP.MACH.061213,Malla,2013,Clinical Schizophrenia & Related Psychoses,Psychotic,Risperidone long-acting injectable (RLAI),"Oral second-generation antipsychotics (risperidone, olanzapine, or quetiapine)",85,Parallel,Yes,No,12,Montreal QC; Edmonton AB; Brampton ON; Halifax NS; Sudbury ON; Victoria BC; Calgary AB; London ON; Kingston ON; Quebec City QC; plus 2 additional,Industry,Not reported,Participants gave informed consent before enrollment,,,Yes,"12 sites across Canada: Montreal, Edmonton, Brampton, Halifax, Sudbury, Victoria, Calgary, London, Kingston, Quebec City",All-Canadian multisite trial. Site-level enrollment ranged 3-16 participants.,Yes,White; Black; Asian; Aboriginal; Other,5,Not stated,Coarse,No,Descriptive only,No,White -> Not a visible minority; Black -> Black; Asian -> ambiguous; Aboriginal -> Indigenous (First Nations/Inuit/Metis unspecified),"Table 2: White 77.9% (n=60), Black 10.4% (n=8), Asian 3.9% (n=3), Aboriginal 2.6% (n=2), Other 5.2% (n=4). No definition of categories provided.",No,,Partial,Male; Female,Partial,Male; Female (Table 2 header says Gender),No,No,No,,No,,No,,,No,,Yes,Mean 22.7 (SD 3.02); eligibility 18-30 years,No,No,,,No,,,No,,Yes,Aboriginal (not further specified),No,No,No,,No,No,0,,"Aboriginal participants (n=2, 2.6%) reported in Table 2 as a race category. No Indigenous-specific recruitment, analysis, or governance described. Term 'Aboriginal' used without specifying First Nations, Inuit, or Metis.",Partial,Race/ethnicity and sex/gender reported in Table 2. Aboriginal participation documented. No equity subgroup analyses.,Table 2 header says 'Gender' but reports Male/Female — coded sex=Partial and gender=Partial. Janssen Canada funder coded Industry. Year 2013 but PMID and publication date confirmed. Aboriginal category notable for Indigenous participation coding.
9,27895238,10.1177/0022219416678409,Tannock,2016,Journal of Learning Disabilities,ADHD,Methylphenidate (immediate-release) + intensive reading remediation,Placebo + reading remediation,65,Factorial,No,No,1,"Hospital for Sick Children, Toronto, ON",CIHR,Not reported,Parental consent,,,Yes,Toronto ON; recruited from schools and community clinics; remediation at two public schools,"SickKids Toronto. Data collected 1996-2001, published 2016.",Yes,Caucasian; African American; Hispanic; Asian,4,US-derived,Coarse,No,Descriptive only,No,Caucasian -> Not a visible minority; African American -> Black; Hispanic -> Latin American; Asian -> ambiguous,"90% Caucasian, 5% Asian, 4% African American, 1% Hispanic. US-derived categories used in Canadian study without explanation. No Indigenous category.",No,,Yes,Males; Females,No,,No,No,No,,Partial,"Parental education on 9-point scale (mean 6.4, SD 1.7)",Yes,Parental education level (9-point scale),SES operationalized as max parental education. Mean 6.4 (SD 1.7).,No,,Yes,Ages 7-11 years; mean 8.5 (SD 1.4),No,Yes,ADHD + Reading Disorder (comorbid); learning disabilities,All participants had confirmed comorbid ADHD+RD. Comorbid ODD/CD rates also reported.,No,,,No,,Not reported,,No,No,No,,No,No,0,,US-derived categories used; no Indigenous category included.,No,Race and SES reported descriptively. US-derived categories in Canadian study. No equity subgroup analyses.,"Data collected 1996-2001, published 2016. CIHR funder (grant MT 13366, MRC predecessor). US-derived race categories in Canadian study notable. Factorial design: 3 reading programs x 2 medication conditions."
10,37530824,10.1056/NEJMoa2300184,Yatham,2023,New England Journal of Medicine,Bipolar-Mood,Adjunctive escitalopram or bupropion XL continued 52 weeks,Adjunctive antidepressant tapered to placebo at 8 weeks,177,Parallel,Yes,Yes,7,UBC Vancouver; U Ottawa; Sunnybrook Toronto; CAMH Toronto; St Joseph's Hamilton; Douglas Hospital McGill; Sacré-Coeur U de Montréal; Queen's Kingston,CIHR,NCT00958633,All patients provided written informed consent,,,Yes,"Canada 22 (12%), India 152 (86%), Korea 3 (2%)",Most participants from India. Authors acknowledge cultural/racial/health system differences may limit generalizability.,Yes,Asian; Black; White; Other,4,Self-identified,Coarse,No,Descriptive only,No,Asian -> South Asian (predominantly Indian); White -> Not a visible minority; Black -> Black,"Self-reported. Asian 87%, White 12%, Black <1%, Other <1%. Authors note low White/Black representation limits generalizability. 86% from Indian sites.",No,,Yes,Male sex 85 (48%),No,,No,No,No,,No,,No,,,No,,Yes,Mean 41.1 (SD 11.3) years; eligibility >=18,No,No,,,No,,,No,,Not reported,,No,No,No,,No,No,0,,,Partial,Race (self-reported) and sex reported. Country-level enrollment given. Generalizability limitations discussed re: racial composition. No equity subgroup analyses.,NEJM paper. 8 Canadian sites named in Appendix. Sex used as Cox model covariate but no subgroup results by sex reported. 87% Asian sample (mostly Indian).
11,34570180,10.1001/jamaneurol.2021.3356,Mintzer,2021,JAMA Neurology,Dementia,Methylphenidate 20 mg/day (10 mg twice daily),Placebo (cellulose),200,Parallel,Yes,Yes,1,"Sunnybrook Health Sciences Centre, Toronto (inferred from Lanctôt/Herrmann affiliations)",NIH,NCT02346201,Informed consent from participants or legally authorized representatives and primary caregiver,,,Yes,9 US clinics + 1 Canadian clinic; prespecified US vs Canada subgroup analysis,Convenience sample from US and Canadian academic medical centers.,Yes,"Black/African American; Hispanic/Latino; White; Other (included American Indian, Asian, Black, Native Hawaiian, White, and other race); Unknown or not reported",5,US-derived,Coarse,Yes,Subgroup,No,NIH categories; Other includes American Indian (potential Indigenous overlap),Self-defined by participant/study partner per NIH policy. 90% White. Prespecified race subgroup analysis (NIH requirement): no significant treatment interactions by race other than White.,No,,Yes,Women; Men,No,,No,Yes,No,,Yes,<High school 5%; HS diploma/GED 20%; Some college/associate 20%; College degree 29%; Postgraduate 26%,No,,,No,,Yes,Median 76 (IQR 71-81) years,No,Yes,"Cognitive impairment (Alzheimer disease, MMSE 10-28); apathy",All participants had AD with clinically significant apathy.,No,,,No,,Not reported,,No,No,No,,No,No,0,,Other race category includes American Indian but not disaggregated.,Partial,Race/ethnicity and sex reported with prespecified subgroup analyses (NIH requirement). Education reported. US vs Canada site subgroup. Sample acknowledged as predominantly White convenience sample. Most detailed equity analysis so far in extraction.,ADMET 2 trial. Canadian site inferred from Lanctôt/Herrmann affiliations (Sunnybrook). NIH funder inferred from NIH policy references. First study with prespecified race AND sex subgroup analyses.
12,38153735,10.1001/jamanetworkopen.2023.46637,Morin,2023,JAMA Network Open,Other,Behavioral therapy (BT) then CT or zolpidem; Zolpidem then BT or trazodone (SMART design),Active comparators across 4 treatment sequences,211,Adaptive,Yes,Yes,1,"Institut Universitaire en Santé Mentale de Québec, Université Laval, Quebec City QC",NIH,NCT01651442,All participants provided written informed consent,,,Yes,"Quebec City QC Canada (121 participants, 57%) and Denver CO USA",Site used as covariate and stratification variable. Majority enrolled at Canadian site.,Yes,"Black; Hispanic; White; Other race or ethnicity (Asian, Middle Eastern origin, not specified)",4,Self-identified,Coarse,No,Descriptive only,No,White -> Not a visible minority; Black -> Black; Hispanic -> Latin American; Other -> multiple categories,Self-reported. 86% White. Authors note underrepresentation of racial/ethnic minorities as limitation.,Yes,Full time 52%; Part time 17%; Student 5%; Unemployed 8%; Retired 18%,Yes,Women 132 (63%); Men 79 (37%),No,,No,No,No,,Yes,Mean 16.1 (SD 3.3) years of education,No,,,No,,Yes,Mean 45.6 (SD 14.9) years; stratified by age <55 vs >=55,No,Yes,Psychiatric comorbidity (35%); medical comorbidity (68%),Comorbid psychiatric disorder used as stratification variable and covariate.,No,,,No,,Not reported,,No,No,No,,No,No,0,,,Partial,"Race, sex, age, education, employment all reported. Racial underrepresentation acknowledged. No equity subgroup analyses. CONSORT guidelines followed.",SMART design coded as Adaptive. NIMH grant MH091053. Canadian site enrolled majority of sample (57%). Insomnia disorder coded as Other. First study reporting employment alongside race and education.
13,32639561,10.1001/jamapsychiatry.2020.1767,Morin,2020,JAMA Psychiatry,Other,Sequential BT then CT or zolpidem then trazodone (SMART design),Active comparator sequences (BT vs zolpidem first-stage),211,Adaptive,Yes,Yes,1,"Institut Universitaire en Santé Mentale de Québec, Université Laval, Quebec City QC",NIH,NCT01651442,All participants provided written informed consent,,,Yes,"Quebec City QC (n=121, 57%) and Denver CO USA (n=90, 43%)",Site used as stratification variable and covariate.,Yes,White; Black; Other; Hispanic,4,US-derived,Coarse,No,Descriptive only,No,White -> Not a visible minority; Black -> Black; Hispanic -> Latin American,86% White. Categories mix race with ethnicity (Hispanic). No analysis by race.,Yes,Full time 52%; Part time 17%; Student 5%; Unemployed 8%; Retired 18%,Yes,Female; Male,No,,No,No,No,,Yes,Mean 16.1 (SD 3.3) years of education,No,,,No,,Yes,Mean 45.6 (SD 14.9) years; stratified <55 vs >=55,No,Partial,Psychiatric comorbidity (35%); medical comorbidity (68%),Comorbidity used as stratification variable.,No,,,No,,Not reported,,No,No,No,,No,No,0,,,Partial,"Race, sex, age, education, employment reported. No equity subgroup analyses.",FLAGGED DUPLICATE: Same trial as Record #12 (NCT01651442). Record #13 is the 2020 primary results (JAMA Psychiatry); Record #12 is a 2023 secondary analysis (JAMA Network Open). Both included — human should decide whether to extract from primary only or both.
14,35151410,10.1016/S2215-0366(21)00429-5,Jacob,2022,The Lancet Psychiatry,Other,Balovaptan 10 mg once daily (V1a receptor antagonist),Placebo,321,Parallel,Yes,Yes,Not specified,Canada listed as 1 of 6 countries; specific Canadian sites not named,Industry,NCT03504917,All participants and study partners gave written informed consent,,,Yes,"46 sites in 6 countries (USA, UK, France, Italy, Spain, Canada); North America 260 (81%), Europe 61 (19%)",Region (North America vs rest of world) used as stratification and ANCOVA fixed effect.,Yes,American Indian or Alaska Native; Asian; Black or African American; White; Multiple; Unknown,6,US-derived,Moderate,No,Descriptive only,No,American Indian/Alaska Native -> Indigenous (US context); Asian -> ambiguous; Black/African American -> Black; White -> Not a visible minority,Ethnicity also reported separately (Hispanic/Latino vs Not). Discussion notes overrepresentation of White and North American participants limiting generalizability.,No,,Yes,Female; Male,No,,No,Yes,No,,No,,No,,,No,,Yes,Mean 27.6 (SD 9.7) years; stratified <25 vs >=25,No,Yes,Intellectual disability (1 participant); ASD is index condition,IQ >=70 required. ASD itself is the study condition.,No,,,No,,Yes,"American Indian or Alaska Native (US context, not Canadian Indigenous)",No,No,No,,No,No,0,,"2 participants identified as American Indian or Alaska Native (both in placebo group). US-context Indigenous category, not Canadian First Nations/Inuit/Metis.",Partial,Race/ethnicity and sex reported with counts. Region used analytically. Discussion acknowledges overrepresentation. No race subgroup analysis.,"ASD coded as Other. Roche funder coded Industry. Canadian site count not specified but Canada is listed among 6 countries. American Indian/Alaska Native = US Indigenous, coded indigenous_participation=Yes with caveat."
16,31066887,10.1001/jamapsychiatry.2019.0779,McIntyre,2019,JAMA Psychiatry,Bipolar-Mood,Adjunctive infliximab (5 mg/kg IV),Placebo (IV infusion),60,Parallel,Yes,Yes,1,"MDPU, University Health Network, Toronto ON",Foundation,NCT02363738,All participants provided written informed consent,,,Yes,"Toronto ON Canada (n=55, 92%) and Stanford CA USA (n=5, 8%)",Sensitivity analysis restricted to Toronto site due to small Stanford sample.,Yes,White race/ethnicity,1,Not stated,Binary,No,Descriptive only,No,White -> Not a visible minority; non-White not enumerated,"Only White category reported (Placebo 80%, Infliximab 86%). Non-White participants implied but not enumerated by category. Binary reporting.",No,,Yes,Female,No,,No,No,No,,Yes,High school (17-21%); College/university (61-80%); Graduate school (3-18%),No,,,No,,Yes,Mean 46.8 (SD 10.2) placebo; 45.0 (SD 11.7) infliximab; eligibility 18-65,No,No,,"SDS measured as clinical endpoint, not demographic.",No,,,No,,Not reported,,No,No,No,,No,No,0,,,No,Race reported as single binary category (White only). Sex and education reported. No equity subgroup analyses.,Stanley Medical Research Institute funder coded Foundation. Race reporting is binary (White % only) — weakest race reporting seen so far. eTable mentions 'gender' adjustment but main text uses 'Female' — terms used interchangeably.
17,26580307,10.1001/jamapsychiatry.2015.2235,Lam,2016,JAMA Psychiatry,Depression,"Bright light treatment (10,000 lux) monotherapy and combination (light + fluoxetine 20 mg/day)",Sham device (inactivated negative ion generator) + placebo pill; Fluoxetine monotherapy + sham,122,Parallel,Yes,No,4,UBC Vancouver BC; Sunnybrook Toronto ON; CAMH Toronto ON; Dalhousie Saint John NB,CIHR,NCT00958204,Written informed consent,,,Yes,Vancouver BC; Toronto ON; Saint John NB (Canadian psychiatric outpatient clinics),Author affiliations also list U Calgary but paper says mainly 3 clinics.,No,,0,Not stated,,No,Not used,No,,No mention of race/ethnicity anywhere. Notable: CIHR-funded all-Canadian multisite trial without any race reporting.,No,,Yes,Female (% per arm in Table 1),No,,No,No,No,,No,,No,,,No,,Yes,Mean 36.8 (SD 11.2) years; eligibility 19-60,No,No,,,No,,,No,,Not reported,,No,No,No,,No,No,0,,,No,"Only sex and age reported. No race, education, SES, or other equity variables. CIHR-funded all-Canadian trial with zero race reporting.",CIHR grant MCT-94832. 4 Canadian sites confirmed from affiliations. Marital status reported but not other social determinants. Notable gap: CIHR-funded trial with no EDIA reporting.
19,28061017,10.1111/add.13753,Korthuis,2017,Addiction,Substance Use,Extended-release naltrexone (XR-NTX) 380mg IM every 4 weeks,Treatment as usual (buprenorphine/naloxone for OUD; naltrexone/gabapentin/acamprosate/disulfiram for AUD),51,Parallel,Yes,Yes,1,"John Ruedy IDC, St. Paul's Hospital, Vancouver BC",NIH,NCT01908062,Written informed consent; able to communicate in English,,,Yes,Vancouver BC Canada and Chicago IL USA (2 HIV primary care clinics),No participant-level geographic breakdown.,Yes,Black/African American; White; Other; Hispanic Ethnicity (reported separately),3,US-derived,Coarse,No,Descriptive only,No,US categories applied across US+Canadian sites without adaptation,"47% Black/African American, 26% White, 27% Other. US-derived categories applied at Canadian site without explanation.",Yes,Working 14%; Looking for work/unemployed 22%; Disabled 45%; Other 20%,Yes,Female,Partial,Female Gender (Table 1 label),No,No,No,,Yes,< High school 39%; High school/GED 29%; >= Some college 32%,Partial,Education; employment status; disability status; housing,Education and employment in Table 1. No income/insurance data.,No,,Yes,Mean 46 (SD 10) years; eligibility >=18,No,Yes,Self-reported disability (45% of sample),Disability reported as employment category in Table 1.,No,,No SOGI data despite HIV clinic population.,No,,Not reported,,No,No,No,,No,No,0,,Indigenous may be in Other category but not identified.,Partial,"Race, sex, age, education, employment, disability all reported. No equity subgroup analyses. No SOGI despite HIV population.",US-derived race categories at Canadian site. No SOGI data in HIV clinic population is a notable gap. 45% disabled is highest disability rate in dataset.
21,27049826,10.1001/jamapsychiatry.2016.0109,Oviedo-Joekes,2016,JAMA Psychiatry,Substance Use,Injectable hydromorphone hydrochloride,Injectable diacetylmorphine hydrochloride,202,Parallel,No,No,1,"Providence Crosstown Clinic, Vancouver BC",CIHR,NCT01447212,All participants provided written informed consent,,,Yes,"Vancouver, British Columbia, Canada (single site)",Downtown Eastside population.,Yes,Aboriginal ancestry,1,Other,Binary,No,Descriptive only,No,Aboriginal ancestry -> Indigenous (First Nations/Inuit/Metis unspecified),Only Aboriginal ancestry reported (~30%). No other racial/ethnic categories. Binary: Aboriginal vs non-Aboriginal implied. Highest Indigenous participation rate in dataset so far.,No,,Yes,Male; Female,No,,No,No,No,,No,,Partial,Housing status,Nonstable/street housing in prior month: ~60-64% of sample.,No,,Yes,Mean ~44 (SD ~10) years,No,No,,,No,,,No,,Yes,Aboriginal ancestry (not further specified),No,No,No,,No,No,0,,~30% Aboriginal ancestry — highest Indigenous rate in dataset. DTES Vancouver population. No OCAP or Indigenous governance described despite high participation.,No,"Only Aboriginal ancestry, sex, age, and housing reported. No full race/ethnicity breakdown. No equity subgroup analyses.",SALOME trial. CIHR funded. Uses Canadian term 'Aboriginal ancestry' not US categories. ~30% Indigenous rate is remarkable but no Indigenous-specific governance described.
23,39862881,10.1016/S1474-4422(24)00485-2,Coleman,2025,The Lancet Neurology,Dementia,Intranasal oxytocin (72 IU twice daily),Placebo (intranasal),94,Crossover,Yes,Yes,8,UWO London ON; St Joseph's London ON; UBC Vancouver BC; CHU de Québec QC; Université Laval QC; McGill Montréal QC; UHN Toronto ON; U of T Toronto ON,CIHR,NCT03260920,All participants and study partners provided written informed consent at screening,,,Yes,11 FTD clinics across Canada and USA (8 Canadian + 3 US sites),No participant-level geographic data.,Yes,Asian; Black or African American; More than one race; Native American; Native Hawaiian or other Pacific Islander; Other; White,7,US-derived,Moderate,No,Descriptive only,No,Asian -> ambiguous; Black/African American -> Black; Native American -> Indigenous (US); White -> Not a visible minority,94% White. Labeled 'Ethnicity' but uses US racial categories. Authors explicitly acknowledge limited diversity AND failure to ascertain gender — first study to note this gap.,No,,Yes,Male; Female,No,,No,Yes,No,,Yes,Mean 15.3 (SD 3.6) years,No,,,No,,Yes,Mean 65.9 (SD 8.2) years; eligibility 30-80,Yes,Yes,Cognitive (FTD with apathy); CDR severity reported,CDR used for stratification and subgroup analysis.,No,,Authors explicitly acknowledge in Discussion that gender was not ascertained — first study to flag this gap.,No,,Not reported,,No,No,No,,No,No,0,,Native American listed as race category with 0 participants enrolled.,Partial,Race (7 categories) and sex reported. Sex subgroup analysis conducted. Education reported. Authors acknowledge limited diversity and gender not ascertained. No race subgroup analysis.,FOXY trial. CIHR + Weston Foundation funded. Phase 2a/2b adaptive crossover design. First study to explicitly acknowledge not collecting gender data.
24,34076068,10.1590/1516-4446-2020-1705,Woolsey,2022,Brazilian Journal of Psychiatry,Depression,Low-dose ketamine (0.5 mg/kg IV) adjunct to propofol anesthesia during ECT,Placebo (normal saline) with propofol anesthesia during ECT,45,Parallel,No,No,1,"University of Alberta Hospital, Edmonton AB",Other government,NCT02579642,Informed verbal and written consent from all patients,,,Yes,"Edmonton, Alberta, Canada (single site)",Published in Brazilian journal but trial entirely Canadian.,No,,0,Not stated,,No,Not used,No,,No mention of race/ethnicity anywhere.,No,,Yes,Male; Female,No,,No,Yes,No,,No,,No,,,No,,Yes,Mean ~36.9-45.0 years by group; eligibility 18-70,No,No,,,No,,,No,,Not reported,,No,No,No,,No,No,0,,,No,"CONSORT diagram with sex breakdown is a positive element. But no race, education, SES, or other PROGRESS-Plus variables.","Alberta Health Services funder coded Other government. Sex subgroup data in CONSORT diagram and baseline tables. Published in Brazilian journal, conducted in Canada."
25,28185899,10.1016/S2215-0366(17)30046-9,Yatham,2017,The Lancet Psychiatry,Bipolar-Mood,Lurasidone adjunctive therapy (20-80 mg/day),Treatment as usual (TAU),34,Parallel,No,No,1,"Mood Disorders Centre, UBC Hospital, Vancouver BC",Industry,NCT02147379,All patients provided written informed consent,,,Yes,"Vancouver BC; UBC Hospital and affiliated hospitals, online ads, physician referrals",Single-site at UBC Vancouver.,Yes,White; Other ethnic background,2,Not stated,Binary,No,Descriptive only,No,White -> Not a visible minority; Other -> all visible minorities combined,"White (lurasidone 71%, TAU 65%) vs Other (29%, 35%). Binary reporting — second weakest after Record #16.",No,,Yes,Female; Male,No,,No,No,No,,Yes,Mean years: lurasidone 14.06 (SD 2.38); TAU 14.97 (SD 2.61),No,,,No,,Yes,Mean 38.65 (SD 12.18) lurasidone; 38.47 (SD 10.10) TAU; eligibility 19-65,No,Yes,"Cognitive impairment (inclusion criterion); functional impairment (BFIS, SDS)",Cognitive impairment required for inclusion.,No,,,No,,Not reported,,No,No,No,,No,No,0,,,No,"Race binary (White vs Other). Sex, age, education reported. No equity subgroup analyses.","Sumitomo Dainippon Pharma funder coded Industry. Open-label pilot, n=34. Binary race reporting."
26,27284082,10.1192/bjp.bp.115.173930,Alda,2016,British Journal of Psychiatry,Bipolar-Mood,Methylene blue 195 mg (active dose),Methylene blue 15 mg (low dose control),37,Crossover,Yes,No,2,Dalhousie University Halifax NS; McMaster University Hamilton ON,Foundation,NCT00214877,All participants signed written informed consent,,,Yes,Halifax NS and Hamilton ON (2 Canadian sites),Enrolled 2004-2008.,No,,0,Not stated,,No,Not used,No,,No mention of race/ethnicity anywhere.,No,,Yes,Men; Women,No,,No,No,No,,No,,No,,,No,,Yes,Completers mean 48.3 (SD 9.2); range 22-63; eligibility 18-65,No,No,,,No,,,No,,Not reported,,No,No,No,,No,No,0,,,No,Only sex (Men/Women) and age reported. Zero race reporting in all-Canadian 2-site trial.,"Stanley Foundation funder coded Foundation. Small crossover (n=37, 27 completers). Enrolled 2004-2008. Minimal demographics."
27,26460229,10.1038/mp.2015.158,Yatham,2016,Molecular Psychiatry,Bipolar-Mood,Risperidone or olanzapine adjunctive to mood stabilizer continued 24 or 52 weeks,Discontinuation at entry (placebo substitution),159,Parallel,Yes,Yes,17,"17 CANMAT-affiliated academic centres (UBC Vancouver, U of T Toronto, McGill Montreal, Western London ON, U Alberta Edmonton, Queen's Kingston, IUSMQ Quebec, Sunnybrook Toronto)",CIHR,Not reported,Not reported,,,Yes,17 CANMAT sites in Canada plus sites in India and Brazil,International (Canada + India + Brazil).,Yes,Caucasian; Asian; Black; Hispanic; Other,5,Not stated,Coarse,No,Descriptive only,No,Caucasian -> Not a visible minority; Asian -> ambiguous; Black -> Black; Hispanic -> Latin American; Other -> mixed,"Caucasian 79%, Asian 6%, Black 8%, Hispanic 3%, Other 4%. One missing. No analysis by race.",No,,Yes,Male 79 (50%),No,,No,No,No,,No,,No,,,No,,Yes,Mean 37.91 (SD 13.49) years overall,No,No,,Psychiatric/substance comorbidity reported (26% and 39%) but not framed as disability.,No,,,No,,Not reported,,No,No,No,,No,No,0,,,No,Race reported descriptively (5 categories). Sex and age reported. No equity subgroup analyses. CIHR-funded 17-site Canadian trial.,CIHR funded + industry drug supply. 17 CANMAT sites. International (India/Brazil). No trial registration found. Footnote mentions missing gender/race for 1 patient.
28,38359838,10.1016/j.medj.2024.01.005,Rosenblat,2024,Med,Depression,"Psilocybin-assisted psychotherapy (25 mg psilocybin, up to 3 doses)",Waitlist control (delayed treatment by 2 weeks),31,Parallel,No,No,1,"Braxia Health, Mississauga ON",Foundation,NCT05029466,Written and verbal informed consent from all participants,,,Yes,"Mississauga ON Canada (single site, Braxia Health)",Location was exclusion reason for 20/104 excluded — geographic accessibility barrier.,No,,0,Not stated,,No,Not used,No,,CRITICAL: Methods explicitly state race/ethnicity/ancestry/SES were COLLECTED by self-report but NONE of this data is presented in the results. This is the first study in the dataset that documented collecting EDIA data but did not report it.,No,,Yes,Female sex 12 (38.7%),Partial,Gender collected per methods; gender dysphoria reported in 3 (9.6%) as secondary diagnosis,Yes,No,No,"Professional chaplain on staff for psychedelic spiritual care, but no participant religion data.",No,,No,Methods state SES collected by self-report,SES collected but NOT reported in results.,No,,Yes,Mean 44.4 (SD 13.7) years; eligibility 18-75,No,No,,,Partial,Gender dysphoria reported in 3 (9.6%) participants as comorbidity,Gender dysphoria listed under secondary diagnoses. No sexual orientation data. FIRST study with any SOGI-adjacent data.,No,,Not reported,,No,No,No,,No,No,0,,,No,Methods state race/ethnicity/SES/gender all collected by self-report but NONE reported in results. Only sex and age in Table 1. This is a collection-without-reporting gap.,"CRITICAL FINDING: First study to (a) document collecting race/ethnicity/SES/gender but not report them, (b) distinguish sex from gender (Table 1 says 'Female sex'; methods collect gender separately), (c) report gender dysphoria (9.6%), (d) have any SOGI-adjacent data. Brain and Cognition Discovery Foundation funder coded Foundation. Small feasibility trial n=31."
29,31182351,10.1016/j.jagp.2019.05.002,Herrmann,2019,American Journal of Geriatric Psychiatry,Dementia,Nabilone (1-2 mg/day),Placebo,39,Crossover,No,No,1,"Sunnybrook Health Sciences Centre, Toronto ON",Foundation,NCT02351882,Informed consent from substitute decision maker and treating physician,,,Yes,Greater Toronto Area; Sunnybrook LTC and outpatient geriatric psychiatry clinics,Single-site Toronto.,No,,0,Not stated,,No,Not used,No,,No race/ethnicity reported.,No,,Yes,Male 77%; Female,No,,No,No,No,,No,,No,,,No,,Yes,Mean 87 (SD 10) years,No,Yes,Cognitive impairment (moderate-severe AD; sMMSE mean 6.5),All participants had moderate-severe AD. 72% inpatient LTC.,No,,,No,,Not reported,,No,No,No,,No,No,0,,,No,Only sex and age reported. No race/ethnicity or other PROGRESS-Plus variables.,Alzheimer's Drug Discovery Foundation + Alzheimer Society of Canada funders coded Foundation. Small crossover n=39. Predominantly male (77%).
30,32068562,10.1097/JCP.0000000000001172,Zawertailo,2020,Journal of Clinical Psychopharmacology,Substance Use,Varenicline (0.5 mg titrated to 1 mg BID for 11 weeks) + brief counseling,Placebo + brief counseling,31,Parallel,No,No,1,"CAMH, Toronto ON",Foundation,NCT02865856,Not reported,,,Yes,"Downtown Toronto; addiction treatment facility; 14 residential, 17 outpatient",Single site CAMH Toronto.,No,,0,Not stated,,No,Not used,No,,No mention of race/ethnicity anywhere.,No,,Yes,Male; Female (M:F ratio),No,,No,No,No,,No,,No,,,No,,Yes,Mean 44.6 (SD 10.9) years; eligibility 18-65,No,No,,,No,,,No,,Not reported,,No,No,No,,No,No,0,,,No,Only sex and age. No race/ethnicity or other PROGRESS-Plus variables. Small pilot n=31.,Ontario Lung Association funder coded Foundation. Pilot RCT for smoking cessation in alcohol-dependent smokers.
31,30922101,10.1176/appi.ajp.2018.18070834,Phillips,2019,American Journal of Psychiatry,Depression,"Ketamine IV 0.5 mg/kg (single, repeated, and maintenance)",Midazolam IV (active placebo),41,Crossover,No,No,1,"The Royal's Institute of Mental Health Research, Ottawa ON",CIHR,NCT01945047,Not reported,,,Yes,"Ottawa, Ontario, Canada (single site)",CIHR-funded single-site Canadian trial.,No,,0,Not stated,,No,Not used,No,,No mention of race/ethnicity. CIHR-funded trial with zero race reporting.,No,,Yes,Male; Female,No,,No,No,No,,No,,No,,,No,,Yes,Mean 41.7 (SD 12.3) years; eligibility 18-65,No,No,,,No,,,No,,Not reported,,No,No,No,,No,No,0,,,No,Only sex and age. CIHR-funded single-site Canadian trial with zero race reporting — second CIHR-funded trial with this gap (after Record #17).,CIHR grant 274324 + Tier 1 Canada Research Chair. Crossover then open-label phases. American Journal of Psychiatry publication.
33,40936464,10.1192/bjo.2025.10823,Ladha,2025,BJPsych Open,Depression,50% nitrous oxide inhalation + IV saline weekly x4,50% oxygen inhalation + IV midazolam (0.02 mg/kg) weekly x4,40,Parallel,No,No,1,"St. Michael's Hospital, Toronto ON",Foundation,NCT05092360,Not reported,,,Yes,"Toronto ON Canada (single site, St. Michael's Hospital / Unity Health Toronto)",Feasibility pilot; authors note may not generalize to multi-centre trial.,No,,0,Not stated,,No,Not used,No,,No race/ethnicity collected or reported.,No,,Yes,Male; Female,Yes,Man; Woman; Other,Yes,No,No,,No,,No,,,No,,Yes,Mean 44.4 (SD 10.2) nitrous; 41.6 (SD 13.3) placebo; eligibility 18-65,No,No,,,No,,Gender categories include Other but no explicit SOGI data collected.,No,,Not reported,,No,No,No,,No,No,0,,,Partial,"Sex AND gender reported as distinct variables — strongest sex/gender reporting in dataset. Gender includes Man/Woman/Other (1 participant = Other). But no race/ethnicity, education, SES, or other PROGRESS-Plus variables.",BREAKTHROUGH: First study with proper sex/gender distinction AND non-binary gender category (Other) with actual participant data. SMILE trial. St. Michael's Hospital Innovation Fund coded Foundation. Pilot n=40. No race despite being 2025 publication.
36,35120288,10.4088/JCP.21m14022,Calkin,2022,Journal of Clinical Psychiatry,Bipolar-Mood,Metformin (up to 2000 mg/d),Placebo,45,Parallel,Yes,Yes,1,"QE II Health Sciences Centre, Halifax NS",Foundation,NCT02519543,Not reported,,,Yes,Halifax NS Canada + Pittsburgh PA USA. Site included as independent variable in models.,No significant between-site differences.,Yes,White; Black; Other,3,Not stated,Coarse,No,Descriptive only,No,White -> Not a visible minority; Black -> Black; Other -> mixed,"White 91% (n=41), Black n=3, Other n=1. Not analyzed. Predominantly White.",Yes,Work full/part-time 40%,Yes,Men; Women,No,,No,No,No,,Yes,Mean 15 years,Partial,Disability benefits; employment status,Disability ever: 64.4%; Working: 40%.,No,,Yes,Mean 47.53 (SD 11.53) years,No,Yes,Psychiatric disability; disability benefits receipt,64.4% ever received disability benefits. GAF scores <50.,No,,,No,,Not reported,,No,No,No,,No,No,0,,,No,"Race, sex, age, education, employment, disability reported. 91% White with no diversity discussion. No equity subgroup analyses.",Stanley Medical Research Institute coded Foundation. TRIO-BD study. Halifax+Pittsburgh sites. Highest disability benefits rate (64.4%).
38,29537978,10.1097/WNF.0000000000000275,McDonald,2018,Clinical Neuropharmacology,Dementia,"Transdermal rivastigmine (patch, 9.5 mg/10 cm²)",Oral rivastigmine (6 mg BID),27,Parallel,No,No,1,"CHUL, Quebec City QC",Other government,Not reported,Not reported,,,Yes,"Quebec City QC Canada (single site, CHUL movement disorder unit)",Quebec francophone setting.,No,,0,Not stated,,No,Not used,No,,No mention of race/ethnicity. Quebec single-site likely predominantly White francophone.,No,,Yes,Men; Women,No,,No,No,No,,No,,No,,,No,,Yes,Mean ~73 (SD 5) years; range 60-81,No,Yes,PD dementia (DSM-IV); Hoehn & Yahr stage ~2.3-2.4,All had PD dementia. Motor and cognitive impairment inherent.,No,,,No,,Not reported,,No,No,No,,No,No,0,,,No,Only sex and age reported. No race. Small open-label trial.,CORRECTED: Agent reported sample_size=19 (completers) but 27 were randomized per confidence notes. Codebook requires total N randomized. NSERC+FRQS funders coded Other government. No registration number.
40,27536342,10.1177/2045125316643674,Fallu,2016,Therapeutic Advances in Psychopharmacology,ADHD,OROS-methylphenidate (CONCERTA),Generic novo-methylphenidate ER-C,20,Crossover,No,No,1,"DIEX Research Inc., Sherbrooke QC",Not reported,Not reported,Not reported,,,Yes,Sherbrooke QC Canada (single site),Unfunded scientific initiative.,No,,0,Not stated,,No,Not used,No,,No mention of race/ethnicity.,No,,Yes,Male 9; Female 11,No,,No,No,No,,No,,No,,,No,,Yes,Median 45.5 years; range 25-53; eligibility 18-55,No,No,,,No,,,No,,Not reported,,No,No,No,,No,No,0,,,No,Only sex and age. Unfunded study with minimal demographics. No race.,Unfunded scientific initiative. Small crossover n=20. No registration. Minimal demographics.
41,37689680,10.1186/s13063-023-07543-2,Walsh,2023,Trials,Anxiety-Trauma-OCD,Vaporized cannabis (balanced THC/CBD and high THC chemovars),"Placebo cannabis (<1% THC, <1% CBD)",6,Crossover,No,No,1,"University of British Columbia, Kelowna BC",Industry,NCT02517424,Written informed consent,,,Yes,Kelowna BC Canada (single site UBC),Severe under-recruitment (6 enrolled of target).,No,,0,Not stated,,No,Not used,No,,No race/ethnicity reported. Smallest trial in dataset (n=6).,No,,Yes,Male 5; Female 1,No,,No,No,No,,No,,No,,,No,,Yes,Range 35-65 years,No,No,,PTSD is index condition.,No,,,No,,Not reported,,No,No,No,Walsh is former Director of Indigenous Bloom (cannabis company working with Indigenous communities) per COI but unrelated to trial,No,No,0,,Walsh COI: former Director Indigenous Bloom — unrelated to trial design.,No,Only sex and age range. Smallest trial (n=6). No race or other PROGRESS-Plus variables.,Tilray funded coded Industry. PTSD coded Anxiety-Trauma-OCD. Smallest trial in dataset (n=6). Severe under-recruitment.
44,40587145,10.1001/jamaneurol.2025.1687,Silveira,2025,JAMA Neurology,Dementia,Ambroxol low dose (525 mg/d) and high dose (1050 mg/d),Placebo,55,Parallel,No,No,1,"Parkwood Institute, London ON",Foundation,NCT02914366,Informed consent from all participants and study partners,,,Yes,"Single site: Parkwood Institute, London ON",,Yes,Asian (East or West); Black; Hispanic or Latin American; Indigenous or Aboriginal; Native American; White; Other (specified),7,Self-identified,Moderate,No,Descriptive only,No,Indigenous or Aboriginal -> First Nations/Inuit/Metis (0 enrolled); Asian -> South/East Asian; Black -> Black; Hispanic -> Latin American; White -> Not a visible minority,7 pre-specified categories including Indigenous or Aboriginal (0 enrolled). 96%+ White. Other specified as East Indian (1) and Middle Eastern (1). First study to pre-specify Indigenous category.,No,,Yes,Male; Female,No,,No,No,No,,Yes,Mean years: placebo 15.09 (SD 2.91); low dose 13.12 (SD 3.64); high dose 13.76 (SD 2.62),No,,,No,,Yes,Mean ~72.7 (SD 6.3) overall; eligibility with PD dementia,No,Yes,PD dementia (mild-moderate); Hoehn & Yahr 2-3.5; MoCA <=24; MMSE >=16,All participants had PD dementia.,No,,,No,,No,"Indigenous or Aboriginal (category listed, 0 enrolled)",No,No,No,,No,No,0,,Indigenous or Aboriginal pre-specified as race category but 0 participants enrolled. First study to explicitly include this category.,Partial,"Race (7 categories incl. Indigenous), sex, age, education reported. Nearly all White. No equity subgroup analyses.",JAMA Neurology 2025. Low-dose arm (n=8) excluded from primary analyses. First study with pre-specified Indigenous/Aboriginal category (0 enrolled).
45,36327043,10.1007/s10597-022-01041-6,Pettey,2022,Community Mental Health Journal,Other,NRT + MI counselling + psychosocial group (SC+),NRT alone (SC-R),61,Parallel,No,No,1,"Community mental health agency, Ottawa ON",Foundation,ISRCTN11353520,Not reported,,,Yes,"Ottawa ON Canada; housing status: own apartment 84%, subsidized 67%, homeless history M=30.6 months",Detailed housing and homelessness data — rare SES reporting.,No,,0,Not stated,,No,Not used,No,,No race/ethnicity reported despite serving marginalized population.,No,,Yes,Male (% reported),No,,No,No,No,,Yes,Mean 11.8 (SD 3.65) years,Yes,Housing status; subsidized housing; homelessness history,Own apartment 84%; subsidized 67%; lifetime homeless months M=30.6. QoL Finances as outcome.,No,,Yes,Mean 44.33 (SD 10.80) years,No,Yes,"Severe mental illness (schizophrenia, mood, anxiety, personality disorders)",Entire sample defined by SMI diagnosis. Psychiatric hospitalization history reported.,No,,,No,,Not reported,,No,No,No,,No,No,0,,,No,"Sex, age, education, housing/homelessness reported. No race despite marginalized population. No equity subgroup analyses.",FLAGGED: Both arms receive NRT; randomized difference is counseling support only. May be borderline inclusion as pharmacotherapy comparison. Mitacs + CMHA funder coded Foundation.
47,36927273,10.1177/02698811231158903,Choueiry,2023,Journal of Psychopharmacology,Psychotic,CDP-choline (500 mg) + galantamine (16 mg),Placebo,24,Crossover,No,No,1,"Royal Ottawa Mental Health Centre, Ottawa ON",CIHR,Not reported,Signed informed consent,,,Yes,Ottawa ON Canada (single site),,No,,0,Not stated,,No,Not used,No,,No race/ethnicity reported. Another CIHR-funded trial with zero race reporting.,No,,Yes,Female; Male,No,,No,Yes,No,,No,,No,,,No,,Yes,Mean 44.5 (SE 2.06) years,Yes,No,,,No,,,No,,Not reported,,No,No,No,,No,No,0,,,No,Sex and age reported with subgroup analyses. No race or other PROGRESS-Plus variables. CIHR-funded.,UMRF + CIHR scholarship coded CIHR. Small crossover n=24. 'Gender' used in text but F/M categories suggest sex. No registration number.
49,40875536,10.4088/JCP.24m15634,Benrimoh,2025,Journal of Clinical Psychiatry,Depression,AI-enabled CDSS (Aifred) with deep-learning treatment predictions + MBC + CANMAT algorithm,"Active control (guideline training + MBC + portal, no AI predictions)",61,Other,Yes,Yes,5,Douglas Mental Health University Institute Montreal; Jewish General Hospital Montreal; IUSMM Montreal; McGill Montreal; Western Ontario London ON,CIHR,NCT04655924,Written informed consent from all participants,,,Yes,5 Canadian + 4 US sites (including VA hospitals),"Cluster RCT randomizing clinicians, not patients.",Yes,White; Other,2,Not stated,Binary,No,Descriptive only,No,White -> Not a visible minority; Other -> collapsed for confidentiality,Collapsed to White vs Other for confidentiality. Supplementary materials may have additional detail. Missing race for some participants.,Yes,Currently employed: Active 41.5%; Control 66.7%,Yes,Female (%),No,,No,No,No,,Yes,Some HS/GED; Some university/college; Bachelor's; Graduate/professional; Trade/technical,Yes,Yearly household income,"Income reported: Active $42,207 (SD 29,103); Control $44,817 (SD 17,975). FIRST study with actual income data.",No,,Yes,Mean 44.0 (SD 15.2) active; 39.3 (SD 12.4) control,No,No,,,No,,,No,,Not reported,,No,No,No,,No,No,0,,Race collapsed to White/Other; no Indigenous categories visible.,Partial,"Race (collapsed), sex, age, education, income, employment all reported. Most comprehensive SES reporting in dataset (actual income). CONSORT-AI referenced. Race collapsed limits equity analysis.",AID-ME cluster RCT coded Other (cluster design). Multiple funders including CIHR coded CIHR. FIRST study reporting actual household income. Race collapsed for confidentiality. Supplementary materials may have more detail.
54,29666372,10.1038/s41398-018-0128-4,Lissemore,2018,Translational Psychiatry,Anxiety-Trauma-OCD,Cognitive behavioral therapy (CBT) or sertraline (SSRI),Active comparator (CBT vs sertraline; no placebo),16,Parallel,Yes,Yes,2,McGill University Health Center Montreal; Markham Stouffville Hospital Markham ON,Other government,Not reported,Written informed consent,,,No,,"Sites in Montreal QC, Markham ON, Kingston ON, Sacramento CA, Bron France from affiliations.",No,,0,Not stated,,No,Not used,No,,"No mention of race/ethnicity. PET neuroimaging study, n=16.",No,,Yes,Male 11; Female 4 (analyzed n=15),No,,No,No,No,,No,,No,,,No,,Yes,Mean 34.4 (SD 9.3) years,No,No,,,No,,,No,,Not reported,,No,No,No,,No,No,0,,,No,Only sex and age. PET neuroimaging study with n=16. No race or other PROGRESS-Plus.,FRQS funder coded Other government. Very small PET study (n=16). No registration number.
57,28199710,10.1093/sleep/zsx019,Carney,2017,Sleep,Depression,CBT-I + escitalopram 10 mg; CBT-I + placebo pill,Escitalopram 10 mg + sleep hygiene control,107,Parallel,Yes,Yes,1,"Ryerson University, Toronto ON",NIH,NCT00620790,Written consent,,,Yes,Duke University NC USA and Ryerson University Toronto ON Canada,Duke recruitment 2008-2009; Ryerson 2009-2014.,Yes,Hispanic; Caucasian non-Hispanic; Asian; African American; Other,5,Not stated,Coarse,No,Descriptive only,No,Caucasian non-Hispanic -> Not a visible minority; African American -> Black; Asian -> ambiguous; Hispanic -> Latin American,Reported in Table 1. Not analyzed. 'Other' at 16% unexplained. Mixed US+Canadian categories.,No,,Yes,Female 68%,No,,No,No,No,,No,,No,,,No,,Yes,Mean 42.28 (SD 11.39) years; eligibility 18-64,No,No,,,No,,,No,,Not reported,,No,No,No,,No,No,0,,,No,Race/ethnicity and sex reported descriptively. No equity subgroup analyses.,"NIMH R01 funder coded NIH. 3-arm trial: CBT-I+AD, CBT-I+placebo, AD+sleep hygiene. 'Gender' used in text but Female% reported — conflation."
59,38454079,10.1038/s41380-024-02468-x,Papakostas,2024,Molecular Psychiatry,Depression,Aripiprazole augmentation; rTMS augmentation,Switch to venlafaxine XR or duloxetine,278,Parallel,Yes,Yes,2,University of Manitoba Winnipeg MB; University of British Columbia Vancouver BC,Other government,NCT02977299,Not reported,,,Yes,17 sites in US and Canada (15 US + 2 Canadian),ASCERTAIN-TRD trial. PCORI funded.,Yes,White; African American; Race/Other; Hispanic ethnicity,4,Not stated,Coarse,No,Descriptive only,No,White -> Not a visible minority; African American -> Black; Hispanic -> Latin American; Other -> mixed,"White 74.3%, African American 15.0%, Other 10.6%, Hispanic 10.5%. Ethnicity reported separately.",No,,Yes,Female 70.5%,No,,No,No,No,,No,,No,,,No,,Yes,Mean 45.6 (SD 15.3) years,No,No,,,No,,,No,,Not reported,,No,No,No,,No,No,0,,,No,Race/ethnicity and sex reported descriptively. No equity subgroup analyses. 3-arm open-label comparative effectiveness.,FLAGGED: Screening title says CANBIND-2 but PDF is ASCERTAIN-TRD (Papakostas 2024). Title mismatch — human should verify correct paper was assigned. PCORI funder coded Other government.
61,41405885,10.1001/jamanetworkopen.2025.48043,Shiwach,2025,JAMA Network Open,Substance Use,Extended-release buprenorphine (BUP-XR) 300 mg q4w,Extended-release buprenorphine (BUP-XR) 100 mg q4w,435,Parallel,Yes,Yes,1,"CAMH, University of Toronto, Toronto ON",Industry,NCT04995029,Not reported,,,Yes,28 treatment centers in US and Canada,Country-level reporting only. Canadian site identified from ethics board listing.,Yes,White; Black or African American; American Indian or Alaska Native; Native Hawaiian or Other Pacific Islander; Asian; >=1 race,6,US-derived,Moderate,Yes,Covariate,No,American Indian/Alaska Native -> US Indigenous (n=6); Native Hawaiian/PI -> Pacific Islander (n=3); White -> Not visible minority; Black/African American -> Black; Asian -> ambiguous,Race dichotomized to Black/non-Black in regression models — first study to explicitly dichotomize race for analytical purposes. Hispanic/Latino 13.1% reported separately. Interaction term race x treatment tested (p=0.26).,No,,Yes,Male; Female,No,,No,Yes,No,,No,,Partial,Employment status (covariate in imputation model),Employment used as covariate but not reported in demographic tables.,No,,Yes,Mean 41.6 (SD 10.9) years; range 18-72,No,No,,,No,,,No,,Yes,"American Indian or Alaska Native (US context, n=6, 1.4%); Native Hawaiian/Other Pacific Islander (n=3, 0.7%)",No,No,No,,No,No,0,,"American Indian/Alaska Native n=6 (1.4%) and Native Hawaiian/PI n=3 (0.7%). US Indigenous context, not Canadian First Nations/Inuit/Metis. Aggregated in overall analysis.",Partial,Race (6 categories) and sex reported. Race used as covariate (dichotomized Black/non-Black). Sex and race interaction terms tested. Largest trial with race subgroup analysis (n=435). But no education/SES/gender/SOGI.,Indivior funder coded Industry. Largest trial in dataset with race as covariate (n=435). Race dichotomized Black/non-Black — problematic but analytically used. Third study with US Indigenous participation (American Indian/Alaska Native).
65,30565793,10.1111/ene.13872,Montero-Odasso,2019,European Journal of Neurology,Dementia,Donepezil 10 mg/day,Placebo,60,Parallel,Yes,No,2,Parkwood Institute London ON; Jewish General Hospital Montreal QC,CIHR,NCT00934531,Informed consent signed,,,Yes,London ON + Montreal QC memory clinics; community-dwelling older adults,All-Canadian 2-site trial.,No,,0,Not stated,,No,Not used,No,,No race/ethnicity reported. CIHR-funded. English proficiency exclusion may limit diversity.,No,,Yes,Female; Male,No,,No,No,No,,No,,No,,,No,,Yes,Mean 75.28 (SD 7.18) years; eligibility >=65,No,Yes,"Cognitive (MCI, CDR 0.5)",All had MCI. Gait aid use excluded.,No,,,No,,Not reported,,No,No,No,,No,No,0,,,No,Only sex and age. No race. CIHR+Pfizer funded. Fifth CIHR trial with zero race.,PSI Foundation + CIHR + Pfizer drug supply. English proficiency required — may exclude diverse participants.
66,31429896,10.1001/jama.2019.10517,Flint,2019,JAMA,Psychotic,Sertraline + olanzapine (continuation),Sertraline + placebo (olanzapine discontinuation),126,Parallel,Yes,Yes,2,University Health Network Toronto; CAMH Toronto,NIH,NCT01427608,Written informed consent from participants or substitute decision makers,,,Yes,"4 academic centres: 2 Toronto ON, 1 Worcester MA, 1 Pittsburgh PA, 1 NYC. Site-level recruitment reported.",Site as stratification variable and Cox covariate.,Yes,"White; Black; Other (includes American Indian or Alaska Native, Asian, Native Hawaiian or other Pacific Islander, and unknown or not reported); Hispanic ethnicity",4,US-derived,Coarse,No,Descriptive only,No,White -> Not visible minority; Black -> Black; Other -> collapsed; Hispanic -> Latin American,"NIH mandate. Self-reported. 'Other' collapses American Indian/Alaska Native, Asian, NH/PI, unknown. Descriptive only.",No,,Yes,Men; Women,No,,No,No,No,,Yes,Mean years: olanzapine 14.4 (SD 3.2); placebo 13.4 (SD 3.9),No,,,No,,Yes,Mean 55.3 (SD 14.9) years; stratified 18-59 vs 60-85,Yes,No,,Intellectual disability excluded.,No,,,No,,Not reported,,No,No,No,,No,No,0,,American Indian/Alaska Native in collapsed 'Other' category.,No,"Race (NIH mandate), sex, age, education reported. Age stratified. No equity subgroup analyses by race/sex.",STOP-PD II trial. NIMH funded. JAMA publication. 2 of 4 sites Canadian (both Toronto). 'Other' race collapses multiple groups.
71,26967214,10.3233/JAD-150978,Florian,2016,Journal of Alzheimer's Disease,Dementia,ABT-126 25 mg and 75 mg (alpha-7 nAChR agonist) + stable AChEI,Placebo + stable AChEI,434,Parallel,Yes,Yes,4,4 sites in Canada (n=57; specific names not reported),Industry,NCT01549834,Written informed consent from subjects and caregivers,,,Yes,"43 sites in 7 countries: Canada (4 sites n=57), France (n=49), Germany (n=40), Great Britain (n=56), Greece (n=79), South Africa (n=44), USA (n=109)",Country used as subgroup variable in analyses.,Yes,White; Black; Asian; Other,4,Not stated,Coarse,No,Descriptive only,No,White -> Not visible minority; Black -> Black; Asian -> ambiguous,~96% White. 4 categories. Not analyzed. 7-country trial.,No,,Yes,Female; Male,No,,No,Yes,No,,No,,No,,,No,,Yes,Mean ~75 (SD ~7-8) years; eligibility 55-90,Yes,Yes,Cognitive (mild-moderate AD; MMSE 12-24),MMSE severity subgroups: mild (20-24) vs moderate (12-19).,No,,,No,,Not reported,,No,No,No,,No,No,0,,,No,Race reported descriptively (96% White). Sex and age subgroup analyses. Country as subgroup. No equity-focused analysis.,AbbVie Phase 2. 'Gender' in Table 1 but Female/Male categories = sex. Country-level participant counts reported (rare). Canadian n=57 across 4 sites.
72,41582768,10.1097/JCP.0000000000002132,Zhand,2026,Journal of Clinical Psychopharmacology,Psychotic,Adjunctive methylphenidate ER (18 or 36 mg),Treatment as usual (TAU),35,Crossover,No,No,1,"Royal Ottawa Mental Health Centre, Ottawa ON",Foundation,NCT03541808,Consent obtained,,,Yes,"Royal Ottawa Mental Health Centre, Ottawa ON; schizophrenia outpatient program",Single-site Canadian study.,No,,0,Not stated,,No,Not used,No,,No race/ethnicity reported.,No,,Yes,Male 83.3%,No,,No,No,No,,No,,Partial,Social assistance,Social assistance: 72-83% across groups.,No,,Yes,Mean ~35.7 (SD ~10.5) years; eligibility 18-55,No,Yes,Psychiatric (schizophrenia/schizoaffective),All had schizophrenia/schizoaffective. Cognitive impairment target.,No,,,No,,Not reported,,No,No,No,,No,No,0,,,No,"Sex, age, social assistance reported. No race. Open-label crossover.","University Medical Research Fund coded Foundation. Open-label. n=35 randomized, 24 completers. 72-83% on social assistance — high SES vulnerability."
75,40133524,10.1038/s41591-025-03569-y,Rajji,2025,Nature Medicine,Dementia,Escitalopram (up to 15 mg/day) + psychosocial intervention,Placebo + psychosocial intervention,173,Parallel,Yes,Yes,3,CAMH Toronto; U Calgary/Foothills; Ontario Shores Whitby ON,NIH,NCT03108846,Informed consent from caregiver and participant (or surrogate+assent),,,Yes,27 community-based centers across US and Canada,Stratified by clinic for randomization.,Yes,White; Black or African American; Hispanic or Latino; Other,4,Not stated,Coarse,No,Descriptive only,No,White -> Not visible minority; Black/African American -> Black; Hispanic/Latino -> Latin American,Combined Race/Ethnicity variable. % sum >100 (non-exclusive coding). Descriptive only.,No,,No,,Yes,Men; Women (labeled 'Self-reported gender'),No,No,No,,Yes,Some schooling/no HS diploma; HS diploma; Some college; College degree or higher,No,,,No,,Yes,Mean 78.4 (SD 8.7) years; eligibility >=18,No,No,,,No,,,No,,Not reported,,No,No,No,,No,No,0,,,No,"Race, 'gender', age, education reported. No equity subgroup analyses. Underpowered (44% of target enrolled).",Nature Medicine 2025. Variable labeled 'Self-reported gender' with Men/Women — likely conflates sex/gender. Race categories non-mutually-exclusive (sum >100%).
76,37902726,10.1001/jamaneurol.2023.3861,Edwards,2023,JAMA Neurology,Dementia,"BIIB080 (tau-targeting ASO, intrathecal; multiple dose cohorts)",Placebo (intrathecal),46,Parallel,Yes,Yes,Not specified,12 sites in Canada and Europe; Canadian sites not individually named,Industry,NCT03186989,Written informed consent,,,Yes,12 sites in Canada and Europe,Specific country breakdown not provided.,No,,0,Not stated,,No,Not used,No,,Not reported. Limitations acknowledge 'restricted demographics'.,No,,Yes,Female 50%; Male,No,,No,No,No,,No,,No,,,No,,Yes,Mean 65.8 (SD 5.70) years; eligibility 50-74,No,No,,All had mild AD with confirmed amyloid.,No,,,No,,Not reported,,No,No,No,,No,No,0,,,No,Only sex and age. 'Restricted demographics' acknowledged. Phase 1b.,Biogen+Ionis funded coded Industry. Phase 1b MAD study. 'Restricted demographics' = acknowledged gap.
79,35702828,10.1176/appi.ajp.21090964,Jutras-Aswad,2022,American Journal of Psychiatry,Substance Use,Flexible take-home sublingual buprenorphine/naloxone (8-24 mg/day),Supervised oral methadone (60-120 mg/day),272,Parallel,Yes,No,7,CHUM Montreal QC; Portland Hotel Society Vancouver BC; ODP Clinic Calgary AB; CAMH Toronto ON; OATC Sudbury ON; plus additional Montreal sites,CIHR,NCT03033732,Verbal consent for prescreening; written consent after full eligibility assessment,,,Yes,"7 Canadian sites across BC, AB, ON, QC. Living situation stability reported.",All-Canadian OPTIMA trial. CRISM network.,Yes,White; Asian; Latin American/Hispanic; Middle Eastern; Black African; Black Caribbean; First Nations; Metis; Other; Choose not to answer,10,Other,Granular,No,Descriptive only,No,First Nations -> First Nations; Metis -> Metis; Black African -> Black; Black Caribbean -> Black; Asian -> South Asian/East Asian ambiguous; Middle Eastern -> West Asian/Arab; Latin American/Hispanic -> Latin American; White -> Not a visible minority,"MOST GRANULAR race reporting in dataset: 10 categories. First Nations 16.9%, Metis 4.8% — highest Indigenous rates with specific groups named. 67.3% White. Distinguishes Black African from Black Caribbean. Labeled 'Ethnicity'.",No,,Yes,Female sex 34.2%,Yes,Man; Woman; Transgender,Yes,No,No,,Yes,Incomplete HS 18.4%; HS 43.4%; Technical/trade 9.2%; Some college/university 11.8%; College/university 16.9%,Yes,Monthly salary; prescription drug coverage; living situation stability,"Mean monthly salary CAN$620 (SD 1472). Drug coverage: provincial 27.9%, Pharmacare 12.9%, disability 8.8%, private 5.1%, other 25%, none 17.6%.",Partial,"Marital status: never married 63.2%, married 3.7%, in relationship 8.5%, divorced/separated 18.4%",Yes,Mean 38.9 (SD 10.5) years; eligibility 18-64,No,Partial,Persons with disabilities (drug coverage category 8.8%),Inferred from drug coverage category. Psychiatric comorbidity 44.9%.,Partial,"Transgender (N=2, 0.7%) under Gender",SECOND study with SOGI data. Transgender participants documented. No sexual orientation.,No,,Yes,First Nations; Metis,No,No,No,,No,No,0,,First Nations 16.9% + Metis 4.8% = 21.7% Indigenous. HIGHEST Indigenous rate with SPECIFIC groups named (First Nations vs Metis). CIHR-funded all-Canadian OPTIMA/CRISM trial. No OCAP or Indigenous governance despite >20% Indigenous participation.,Partial,MOST COMPREHENSIVE EDIA reporting in entire dataset. Sex AND gender distinguished (Man/Woman/Transgender). 10 race/ethnicity categories. First Nations + Metis named. Income in CAD. Education. Drug coverage. Living stability. But no equity subgroup analyses despite rich data.,BREAKTHROUGH: Best EDIA reporting in dataset by far. CIHR+CRISM funded. 7 Canadian sites. First study to name First Nations AND Metis separately. First all-Canadian study with sex/gender distinction. Transgender N=2. Mean income CAN$620/month indicates extreme poverty. No OCAP despite 21.7% Indigenous.
80,27233840,10.1186/s12916-016-0626-2,Tulloch,2016,BMC Medicine,Substance Use,Extended dual-form NRT (NRT+); Varenicline (VR),Standard nicotine patch monotherapy (NRT),737,Parallel,No,No,1,"Ottawa Heart Institute, Ottawa ON",Foundation,NCT01623505,Voluntary written informed consent,,,Yes,"Ottawa Heart Institute, Ottawa ON Canada (single site)","Recruited via ads, Quit Smoking Program, physician referrals.",No,,0,Not stated,,No,Not used,No,,COLLECTED BUT NOT REPORTED. Methods state ethnicity was collected at baseline but no data appears in any table. Limitations acknowledge 'mainly white participants.' Second study (after Record #28) with this collection-without-reporting gap.,Yes,Full/part time 61.3%; Homemaker/retired/unemployed 21.6%; Disability leave 17.1%,Yes,Male; Female,No,,No,No,No,,Yes,Mean 14.13 (SD 3.0) years,Yes,Income; education; employment status,"Annual household income (CAD): <$19,999 (22.7%), $20-39K (20.6%), $40-69K (30.3%), $70K+ (26.4%). Income as regression covariate.",No,,Yes,Mean 48.61 (SD 10.8) years; eligibility >=18,No,Yes,Disability leave 17.1%; psychiatric comorbidity 59%; medical comorbidity 82.9%,Randomization stratified by psychiatric status.,No,,,No,,Not reported,,No,No,No,,No,No,0,,,No,"Ethnicity COLLECTED but NOT REPORTED — second instance (after Record #28). Sex, age, education, income, employment, disability reported. Income as CAD covariate in regression. No equity subgroup analyses despite rich SES data.",Heart and Stroke Foundation coded Foundation. Largest single-site Canadian trial (n=737). Ethnicity collected but suppressed from results — acknowledge 'mainly white' in limitations. Second study with collection-without-reporting gap. Income in CAD categories. 17% disability leave.
81,32979939,10.1016/S2352-4642(20)30243-1,Gray,2020,The Lancet Child & Adolescent Health,Substance Use,Varenicline high-dose and low-dose (weight-based),Placebo,312,Parallel,Yes,Yes,1,"Not specified (Canada: 7 participants, 2%)",Industry,NCT01312909,Written informed consent/assent; parental consent for <18,,,Yes,"57 centres in 6 countries: USA 60%, South Korea 9%, Russia 9%, Taiwan 8%, Canada 2%, Georgia <1%",Country-level enrollment counts. Canada only 7 participants.,Yes,White; Black; Asian,3,Not stated,Coarse,No,Descriptive only,No,White -> Not visible minority; Black -> Black; Asian -> ambiguous (South Korea/Taiwan participants),"~75% White, 7% Black, 17% Asian. Not analyzed. International trial across diverse populations.",No,,Yes,Female; Male,No,,No,No,No,,No,,No,,,No,,Yes,Mean ~16 (SD ~1.8) years; eligibility 12-19; stratified 12-16 vs 17-19,No,No,,Clinically significant psychiatric illness excluded.,No,,,No,,Not reported,,No,No,No,,No,No,0,,,No,"Race and sex reported descriptively. No equity subgroup analyses. Pfizer industry trial, adolescent population.",Pfizer coded Industry. Lancet Child & Adolescent Health. Adolescent population (12-19). Canada only 7 of 312 participants.
96,32457492,10.1038/s41598-020-65166-y,Gendy,2020,Scientific Reports,Substance Use,Melatonin 5 mg oral daily x4 weeks,Placebo,60,Parallel,No,No,1,"CAMH, Toronto ON",Foundation,NCT03043443,Informed consent from all participants,,,Yes,"CAMH, Toronto ON (single site)",,Yes,Caucasian; Black or African American; Asian; Mixed races,4,Not stated,Coarse,No,Descriptive only,No,Caucasian -> Not visible minority; Black/African American -> Black; Asian -> ambiguous; Mixed -> Multiple visible minorities,"Labeled 'Ethnicity'. Caucasian 75%, Mixed races 23.3%, Black 3.3%, Asian 1.7%.",Yes,"Full time, Part time, Self-employed, Welfare, Student, Not employed, Retired",Yes,Male; Female,No,,No,No,No,,Yes,Part of HS; HS; College; University; Graduate degree,Partial,Employment; education,Employment and education in Table 1. Welfare status captured.,No,,Yes,"Age ranges: 19-25, 26-40, 41-60, >60",No,Yes,Short-term and long-term disability (employment categories),10% each group on short-term and long-term disability.,No,,,No,,Not reported,,No,No,No,,No,No,0,,No Indigenous category in race/ethnicity.,No,"Race, sex, age, education, employment, disability reported. No equity subgroup analyses.",CAMH funds coded Foundation. 'Mixed races' category notable (23.3% — highest mixed-race rate in dataset). Labeled 'Ethnicity' not 'Race'.
98,6650,10.1016/j.jaac.2021.07.005,Johnstone,2022,Journal of the American Academy of Child and Adolescent Psychiatry,ADHD,Broad-spectrum micronutrients (Daily Essential Nutrients: 9-12 capsules/day),Placebo (cellulose with riboflavin),135,Parallel,Yes,Yes,1,"University of Lethbridge, Alberta",Foundation,NCT03252522,Parental written consent; child verbal and written assent,,,Yes,"3 sites: OHSU Portland OR, Ohio State Columbus OH, U Lethbridge AB Canada",7 Canadian participants completed visits by phone due to COVID.,Yes,"Asian; African American/Black; White; Other (includes American Indian/Native American or Alaska Native, Metis, Native Hawaiian/Pacific Islander or Other)",4,Not stated,Coarse,No,Descriptive only,No,American Indian/Alaska Native and Metis listed under Other but not disaggregated,88% White. 7 missing race. 26 missing ethnicity. Metis listed in Other footnote but not counted separately. Sex-by-treatment interaction tested (ns).,No,,Yes,Male 73%; Female,No,,No,Yes,No,,Yes,"Parent education: HS 16%, Technical/trade 23%, University+ 61%",Yes,Family household income; parent education; parent marital status,"Income: <=30K 10%, >30-60K 22%, >60-80K 11%, >80K 58%. Married 79%.",No,,Yes,Mean 9.8 (SD 1.7) years; eligibility 6-12,No,Yes,"ADHD (inclusion); comorbid GAD 65%, anxiety 50%, ASD screen 29%, depression 4%",High comorbidity burden in children.,No,,,No,,Not reported,Metis listed in race footnote but aggregated under Other,No,No,No,,No,No,0,,Metis and American Indian/Alaska Native listed in Table 1 footnote under 'Other' but not individually counted. Alberta site serves Indigenous populations.,No,"Race, sex, age, parent education, family income reported. Sex-by-treatment tested. Metis acknowledged but aggregated. No equity subgroup analyses.",PMID 6650 is non-standard (actual PMID likely 34303786 per PMC8782920). MADDY trial. Diverse funders coded Foundation. Pediatric ADHD. Metis listed but not counted.
102,33641259,10.1111/cts.12986,Papastergiou,2021,Clinical and Translational Science,Depression,Pharmacogenomics-guided antidepressant treatment (Pillcheck test),Standard antidepressant treatment (TAU),213,Parallel,Yes,No,3,2 community pharmacies Toronto ON; 1 pharmacy Oakville ON (Shoppers Drug Mart),Foundation,NCT03591224,Excluded if unable to provide fully informed consent or poor English,,,Yes,Toronto ON and Oakville ON (3 urban community pharmacies),Community pharmacy setting — unique among all trials.,No,,0,Not stated,,No,Not used,No,,CRITICAL: Pharmacogenomics trial that does NOT collect race despite Pillcheck test being calibrated for 'White patients and major ethnic minority groups.' Limitations acknowledge this gap. Third instance of race being relevant but absent.,No,,Yes,Women; Men,No,,No,Partial,No,,No,,Partial,Payment method for medication (proxy for insurance/income),Third party/insurance 53%; provincial drug coverage 32%; out-of-pocket 14%. Prescriber acceptance varied by coverage (p=0.02).,No,,Yes,Mean 42.69 (SD 14.90) years; range 18-77,Yes,Yes,Functional disability (SDS as outcome measure),SDS baseline mean 17.37 (SD 7.39). Significant improvement favoring PGx-guided treatment.,No,,,No,,Not reported,,No,No,No,,No,No,0,,No Indigenous considerations despite PGx having population-level genetic variation.,No,"No race collected despite PGx trial. Sex, age, SDS, payment method reported. Critical equity gap: PGx calibrated for racial groups but race not collected.",Green Shield Canada coded Foundation. Community pharmacy setting unique. CRITICAL: PGx trial without race data despite test being race-calibrated. English proficiency exclusion limits diversity.
107,36579458,10.1111/bdi.13288,Kim,2023,Bipolar Disorders,Bipolar-Mood,Single-session inhaled nitrous oxide (10% then 25%) + IV saline,Medical air + IV midazolam (2 mg),25,Parallel,No,No,1,"Sunnybrook Health Sciences Centre, Toronto ON",CIHR,NCT02351869,Written informed consent,,,Yes,Toronto ON; academic health centre + community recruitment,Single-site Sunnybrook.,Yes,Caucasian,1,Not stated,Binary,No,Descriptive only,No,Caucasian -> Not a visible minority (dichotomous variable only),"Only 'Caucasian' reported as dichotomous yes/no (75% vs 54%). No other categories. Third weakest race reporting (joins #16, #25).",No,,Yes,Female,No,,No,No,No,,No,,Yes,SES (unnamed continuous scale),SES: nitrous 3.3±1.1; midazolam 3.3±1.3 (scale not defined in main text).,No,,Yes,Mean 33.6-34.6 (SD 7-10) years; eligibility 20-60,No,No,,,No,,,No,,Not reported,,No,No,No,,No,No,0,,,No,Caucasian dichotomous variable only. SES measured but scale undefined. Small pilot n=25.,CIHR + Brain Canada + NIMH funded. SES measured but undefined scale. Caucasian-only race reporting.
109,35324094,10.4088/JCP.21m14096,Ravindran,2022,Journal of Clinical Psychiatry,Depression,Quetiapine XR (50-300 mg/d) add-on to first-line antidepressants,Placebo add-on to first-line antidepressants,76,Parallel,Yes,No,4,CAMH Toronto; UHN Toronto; Credit Valley Hospital Mississauga; Chatham-Kent Research Centre,Industry,NCT00688818,Not reported,,,Partial,4 Ontario sites,All Ontario. 2008-2013 enrollment.,No,,0,Not stated,,No,Not used,No,,No race/ethnicity collected or reported.,Yes,"Currently working: 42% quetiapine, 21% placebo; majority unemployed or disability leave",Yes,Male; Female,No,,No,No,No,,No,,No,,,No,,Yes,Mean ~43.7 (SD ~11) years; eligibility 18-65,No,Yes,Disability leave (employment category); comorbid anxiety,Majority on disability leave or unemployed.,No,,,No,,Not reported,,No,No,No,,No,No,0,,,No,"Sex, age, employment reported. No race. AstraZeneca investigator-initiated.",AstraZeneca funded coded Industry. 4 Ontario sites. No race despite multi-site. Comorbid depression+anxiety population.
110,41085986,10.1001/jama.2025.4709,Shiwach,2025,JAMA,Substance Use,Rapid induction to extended-release buprenorphine (SUBLOCADE) 300 mg,Standard induction to extended-release buprenorphine 300 mg,785,Parallel,Yes,Yes,1,"CAMH, University of Toronto ON (Bernard Le Foll)",Industry,NCT04995029,Not reported,,,Yes,28 outpatient treatment centers in US and Canada,"FLAGGED: PDF was protocol document, not results paper. Data from PMID text file.",Yes,White; Black/African American; American Indian/Alaska Native; Native Hawaiian/Pacific Islander; Asian; other/multiple categories,6,US-derived,Moderate,Yes,Subgroup,No,American Indian/Alaska Native -> US Indigenous; Native Hawaiian/PI -> Pacific Islander; White -> Not visible minority; Black/African American -> Black; Asian -> ambiguous,"White 77.5%, Black/African American 16.7%, American Indian/Alaska Native 0.8%, Native Hawaiian/PI 0.7%, Asian 0.1%. Hispanic/Latino 14.8%. Race planned as subgroup variable (Black vs non-Black per protocol). Extracted from PMID text (protocol PDF did not contain results data).",No,,Yes,Male 55.7% (406); Female 44.3% (323),No,,No,No,No,,No,,Partial,Stipends + travel assistance provided,All received stipends for longer clinic days; travel assistance as required.,No,,Yes,Mean 40.7 (SD 10.4) years,No,No,,33.3% overdose history.,No,,,No,,Yes,"American Indian/Alaska Native (US context, n~6, 0.8%)",No,No,No,,No,No,0,,"American Indian/Alaska Native 0.8%, Native Hawaiian/PI 0.7%. US Indigenous context.",Partial,"Race (6 categories), sex, age reported. Race planned as subgroup. Hispanic ethnicity reported separately.","FLAGGED: PDF was protocol supplement, not published paper. Extraction based on PMID text file summary. DOI inferred. ALSO FLAGGED: Same registration (NCT04995029) as Record #61 — potential duplicate trial (different publications: #61=dose comparison, #110=induction comparison). Human must verify. Indivior coded Industry. Largest trial in dataset (n=785)."
116,28234436,10.4088/JCP.15m10286,Takeuchi,2017,Journal of Clinical Psychiatry,Psychotic,Immediate antipsychotic discontinuation when switching to clozapine,Gradual antipsychotic discontinuation (25% weekly over 3 weeks),33,Parallel,No,No,1,"CAMH, Toronto ON",CIHR,NCT02640300,Written informed consent,,,Yes,"CAMH, Toronto ON (single site)","Conducted 1999-2004, published 2017. Retrospectively registered.",No,,0,Not stated,,No,Not used,No,,No race/ethnicity reported. CIHR co-funded — sixth CIHR trial without race.,No,,Yes,Male (%),No,,No,No,No,,No,,No,,,No,,Yes,Mean ~33.9 (SD ~11.2) years,No,No,,,No,,,No,,Not reported,,No,No,No,,No,No,0,,,No,Only sex (% male) and age. No race. Sixth CIHR trial without race reporting.,CAMH + CIHR + Singapore NRC funded. CIHR coded primary. Conducted 1999-2004. Retrospectively registered. Data predates modern EDIA requirements.
117,33630646,10.1037/pha0000418,Aidelbaum,2022,Experimental and Clinical Psychopharmacology,Psychotic,"CDP-Choline (500, 1000, 2000 mg)",Placebo,19,Crossover,No,No,1,"Royal Ottawa Mental Health Centre, Ottawa ON",Foundation,Not reported,Not reported,,,Yes,"Royal Ottawa, Ottawa ON (single site)",,No,,0,Not stated,,No,Not used,No,,No race/ethnicity reported.,No,,Yes,Male; Female (2M:1F per Table 2),No,,No,No,No,,No,,No,,,No,,Yes,Mean 42.10 (SD 2.76) years,Yes,Yes,Schizophrenia (chronic); GAF mean 51.95,All had DSM-5 schizophrenia.,No,,,No,,Not reported,,No,No,No,,No,No,0,,,No,Only sex and age. Small crossover n=19. No race.,UMRF funder coded Foundation. Small pilot. No registration number. Smoking status reported as clinical variable.
118,40528492,10.1192/bjp.2025.102,Greenway,2025,British Journal of Psychiatry,Depression,Ketamine infusions with music-supported psychotherapy (Montreal Model),Ketamine infusions with non-music support,32,Parallel,Yes,No,2,Douglas Mental Health Institute Montreal; Jewish General Hospital Montreal,Other government,NCT04701866,Written informed consent,,,Yes,Montreal QC Canada (two centres),,Yes,White; Middle eastern; Hispanic; Black,4,Not stated,Coarse,No,Descriptive only,No,White -> Not visible minority; Middle eastern -> West Asian/Arab; Hispanic -> Latin American; Black -> Black,Self-reported (Table 1 footnote). 84% White. Middle Eastern category notable for Montreal context.,Yes,Disability 56%; Unemployed/retired 31%; Employed 13%,Yes,Female 72%,No,,No,No,No,,Yes,<=HS 3%; HS/college 31%; University 66%,Partial,Work/disability status; education,56% on disability. 66% university educated.,No,,Yes,Mean 45.9 (SD 14.2) years; eligibility 18-75,No,Yes,TRD (all participants); 56% on disability benefits,Highest disability rate after Record #36 (64.4%).,No,,,No,,Not reported,,No,No,No,,No,No,0,,,Partial,"Race, sex, age, education, work/disability status reported. No equity subgroup analyses. MUSIK trial secondary analysis.",RQSHA funder coded Other government (Quebec research network). Montreal context (Middle Eastern category relevant). MUSIK RCT.
119,40116713,10.1177/07067437251328270,Chinna Meyyappan,2025,Canadian Journal of Psychiatry,Depression,"Microbial Ecosystem Therapeutic-2 (MET-2, 40 bacterial strains oral)",Placebo,29,Parallel,Yes,No,2,Providence Care Hospital Kingston ON; CAMH Toronto ON,CIHR,NCT04602715,Not reported,,,Yes,Kingston and Toronto ON Canada,Terminated early (29 of 60 planned) due to newer MET-2 version.,Yes,Black; Caucasian; East Asian; Latin American; South Asian; West Asian,6,Other,Moderate,No,Descriptive only,No,Black -> Black; Caucasian -> Not visible minority; East Asian -> Chinese/Korean/Japanese; Latin American -> Latin American; South Asian -> South Asian; West Asian -> West Asian/Arab,Labeled 'Ethnicity'. 6 categories mixing racial and geographic/ethnic terms. Canadian Journal of Psychiatry. CIHR-funded trial that DOES report ethnicity — breaks the CIHR-no-race pattern.,No,,No,,Yes,Female; Male (labeled 'Gender' in Table 1),No,Partial,No,,Yes,HS graduate 25%; Post-secondary 61%; ~14% unaccounted,No,,,No,,Yes,Eligibility 18-45; groups not significantly different (Mann-Whitney p=0.667),No,No,,,No,,,No,,Not reported,,No,No,No,,No,No,0,,,No,"Ethnicity (6 categories), gender, age, education reported. Sex adjustment mentioned. No formal equity subgroup analyses.",CIHR + NuBiyota + MITACS funded. Coded CIHR primary. First CIHR-funded Canadian-journal trial to report race/ethnicity (6 categories). 'Gender' labeled but Female/Male categories. Terminated early.
120,41785480,10.1177/07067437261420877,Shekarriz,2026,Canadian Journal of Psychiatry,Bipolar-Mood,Allogenic fecal microbiota transplantation (FMT) from healthy donors via colonoscopy,Autologous FMT (own feces) via colonoscopy,35,Parallel,Yes,No,3,Women's College Hospital Toronto; Sinai Health Toronto; UHN Toronto Western Hospital,Foundation,NCT03279224,Informed consent at screening visit,,,Yes,3 sites in Toronto ON Canada,Single-city (Toronto) multi-site. McMaster Hamilton and U Calgary affiliations.,No,,0,Not stated,,No,Not used,No,,No race/ethnicity reported. 2026 publication with zero race data.,No,,Yes,Women 28 (80%); Men 7 (20%),No,,No,No,No,,No,,No,,,No,,Yes,Mean 39 (95% CI 34.4-43.6) years; eligibility 18-65,No,No,,"SDS used as outcome, not baseline demographic.",No,,,No,,Not reported,,No,No,No,,No,No,0,,,No,Only sex and age. No race in a 2026 all-Canadian multi-site trial. 80% women.,Stanley Medical Research Institute coded Foundation. FMT pilot for bipolar. 2026 publication with no race — notable gap. Uses Women/Men without sex/gender distinction.
124,32194650,10.7870/jcacap-2020-003,Corkum,2020,J Canadian Academy of Child and Adolescent Psychiatry,ADHD,Extended-release methylphenidate (Biphentin),Placebo,26,Crossover,Yes,No,2,ADHD Clinic Truro NS; private practices Halifax NS,CIHR,Not reported,Parental written consent; child verbal assent,,,Yes,Truro and Halifax NS (mostly rural),Nova Scotia only.,Yes,Caucasian (88.5%); Latin American (3.8%); Aboriginal (7.7%),3,Other,Coarse,No,Descriptive only,No,Caucasian -> Not visible minority; Latin American -> Latin American; Aboriginal -> Indigenous (unspecified),Labeled 'Ethnicity'. Limitations acknowledge need for more ethnic diversity. Aboriginal 7.7% (n=2). CIHR-funded — breaks CIHR-no-race pattern.,No,,Yes,Male 88.5%; Female 11.5%,No,,No,No,No,,Partial,Parental education via Boyd-NP scale (not reported separately),Yes,Boyd-NP scale (parental education+income); household annual income,Boyd-NP mean 68.7 (SD 22.7). Household income $51-60K. Limitations acknowledge need for more income levels.,No,,Yes,"Mean 8y 8m (104.5 months, SD 24.5); range 6-12 years",No,Yes,Learning disability (30.8% comorbid); ADHD (index condition),30.8% comorbid learning disability.,No,,,No,,Yes,"Aboriginal (unspecified, n=2, 7.7%)",No,No,No,,No,No,0,,Aboriginal 7.7% (n=2). Nova Scotia has significant Mi'kmaq population. No OCAP or Indigenous governance.,No,"Race, SES, sex, age reported. Limitations discuss diversity gaps. CIHR-funded trial that DOES report race.",CIHR grant 158711. Second CIHR trial to report race (after #119). Aboriginal in NS (likely Mi'kmaq). Boyd-NP SES measure. Pediatric ADHD.
130,29338621,10.1177/0269881117746903,Aidelbaum,2018,Journal of Psychopharmacology,Psychotic,"CDP-choline (500, 1000, 2000 mg)",Placebo,20,Crossover,No,No,1,"Royal Ottawa Mental Health Centre, Ottawa ON",Foundation,Not reported,Signed informed consent,,,Yes,"Royal Ottawa, Ottawa ON",Schizophrenia Outpatient Program.,No,,0,Not stated,,No,Not used,No,,No race/ethnicity reported.,No,,Yes,Female 2; Male 18,No,,No,No,No,,No,,No,,,No,,Yes,Mean 42.85 (SE 2.72) years; eligibility 18-65,No,Yes,Schizophrenia (DSM-5),Learning disability and hearing impairment excluded.,No,,,No,,Not reported,,No,No,No,,No,No,0,,,No,Only sex and age. Small crossover n=20.,UMRF coded Foundation. 2F/18M. Smoking status reported. No registration.
131,36325158,10.1016/j.bpsgos.2021.09.003,Lee,2022,Biological Psychiatry: Global Open Science,Depression,Low-dose buprenorphine augmentation (added to venlafaxine XR),Placebo augmentation (added to venlafaxine XR),85,Parallel,Yes,Yes,1,"CAMH / Temerty Centre, University of Toronto ON",NIH,NCT01021787,Written informed consent,,,Yes,"3 sites: St. Louis MO, Pittsburgh PA, Toronto ON. Site-level recruitment reported (Toronto n=36, 42%).",Toronto enrolled the most participants (42% of total).,Yes,White; Black; Other or multiple,3,Not stated,Coarse,No,Descriptive only,No,White -> Not visible minority; Black -> Black; Other/multiple -> mixed,White 87-93%. Predominantly White older adults (>=50). Tested as baseline difference (p=0.71) but not analyzed.,No,,Yes,Female (56-70% by group),No,,No,No,No,,Yes,Mean 15.2-15.3 (SD 2.7-2.9) years,No,,,No,,Yes,Mean 64.6-66.5 (SD 7.9-8.6) years; eligibility >=50,No,No,,CIRS-G used but not as disability measure.,No,,,No,,Not reported,,No,No,No,,No,No,0,,,No,"Race, sex, age, education reported. No equity subgroup analyses. Toronto site enrolled 42%.",NIMH funded. Older adults (>=50). Toronto site had highest enrollment. 87-93% White.
132,34637343,10.1089/cap.2021.0034,Weiss,2021,Journal of Child and Adolescent Psychopharmacology,ADHD,"PRC-063 multilayer-release methylphenidate (25, 45, 70, 85 mg/day)",Placebo,354,Parallel,Yes,Yes,Not specified,US and Canada sites (Purdue Pharma Canada),Industry,NCT02139111; NCT02168127,Not reported,,,Partial,Sites in US and Canada (2014-2015); no geographic breakdown,,No,,0,Not stated,,No,Not used,No,,"No race/ethnicity reported in Table 1 (contains Gender, Age, ADHD subtype, vitals only). Industry trial with no race data.",No,,No,,Yes,Male; Female (labeled 'Gender' in Table 1),No,No,No,,No,,No,,,No,,Yes,"Mean 14.2 (SD 1.62) years; age categories 12-13, 14-15, 16-17",No,No,,,No,,,No,,Not reported,,No,No,No,,No,No,0,,,No,No race. 'Gender' reported. Adolescent industry trial. CONSORT diagram provided.,Purdue Pharma Canada coded Industry. Adolescent ADHD (12-17). No race despite multisite. 'Gender' (Male/Female) likely = sex.
133,40135470,10.1093/ageing/afaf050,Nguyen,2025,Age and Ageing,Other,Mirtazapine 7.5 mg once daily at bedtime,Placebo,60,Parallel,No,No,1,"CHUM, Montreal QC",Other government,NCT05247697,Written informed consent,,,Partial,CHUM Montreal; community and outpatient clinic recruitment,Single site Montreal.,Yes,White; Black or African American; Asian,3,US-derived,Coarse,No,Descriptive only,No,White -> Not visible minority; Black/African American -> Black; Asian -> ambiguous,White 90% both groups. 3 categories. US-derived labels in Canadian (Quebec) study.,No,,Yes,Female (assigned at birth); Male,Yes,Woman; Man,Yes,No,No,,No,,No,,,No,,Yes,Mean 72.3 (SD 5.3) years; eligibility >=65,No,No,,,No,,,No,,Not reported,,No,No,No,,No,No,0,,,Partial,Race (3 categories) + sex AND gender distinguished (sex assigned at birth vs gender identified). FOURTH study with sex/gender distinction. CONSORT followed.,"Quebec Research Network on Ageing coded Other government. MIRAGE trial. FOURTH study to distinguish sex from gender (joining #28, #33, #79). Sex: assigned at birth as female/male. Gender: identified as woman/man. US-derived race categories in Quebec."
134,38445382,10.1017/S0033291724000217,Ellenbogen,2024,Psychological Medicine,Depression,Intranasal oxytocin (24 IU Syntocinon) prior to each IPT session,Placebo (intranasal) prior to each IPT session,25,Parallel,No,No,1,"Concordia University / Douglas Research Centre, Montreal QC",CIHR,NCT02405715,Not reported,,,Partial,Montreal; recruitment via online+print ads in free subway newspaper,Single site Montreal. English-speaking required.,Yes,Caucasian,1,Not stated,Binary,No,Descriptive only,No,Caucasian -> Not visible minority (dichotomous only),"Caucasian % only (82% placebo, 58% oxytocin). No other groups named. Uses outdated term. Fourth weakest race reporting.",No,,Yes,Male; Female,No,,No,Yes,No,,Yes,1-8 ordinal scale (1=Grade 6 or less to 8=completed grad/professional); mean ~5 (some college),No,,,Yes,Perceived social support (MSPSS): mean ~4.2 (range 2.4-6.2),Yes,Mean 27-29 (SD 5-8) years; eligibility 18-65,No,No,,,No,,,No,,Not reported,,No,No,No,,No,No,0,,,No,"Caucasian % only (no other groups). Sex, age, education, social support reported. Sex as covariate in multilevel models. English required.",CIHR funded. Concordia/Douglas Montreal. Outdated 'Caucasian' term. Social support (MSPSS) — only study reporting social capital measure. English required excludes francophone Montreal.
